INSERT INTO "GreenLine_organization" ("id", "kana", "name") VALUES (1, 'システムカンリシツ', 'システム管理室');
INSERT INTO "GreenLine_organization" ("id", "kana", "name") VALUES (2, 'エイギョウブ', '営業部');
INSERT INTO "GreenLine_employee" ("id", "name", "kana", "password", "auth", "organization_id", "phone") VALUES (1, '管理者', 'カンリシャ', '000', 1, 1, '000');
INSERT INTO "GreenLine_employee" ("id", "name", "kana", "password", "auth", "organization_id", "phone") VALUES (2, 'ゲスト', 'ゲスト', '111', 0, 2, '111');
INSERT INTO "GreenLine_prefecture" ("id", "name", "kana") VALUES (1, '北海道', 'ホッカイドウ');
INSERT INTO "GreenLine_prefecture" ("id", "name", "kana") VALUES (2, '青森県', 'アオモリケン');
INSERT INTO "GreenLine_prefecture" ("id", "name", "kana") VALUES (3, '岩手県', 'イワテケン');
INSERT INTO "GreenLine_prefecture" ("id", "name", "kana") VALUES (4, '宮城県', 'ミヤギケン');
INSERT INTO "GreenLine_prefecture" ("id", "name", "kana") VALUES (5, '秋田県', 'アキタケン');
INSERT INTO "GreenLine_prefecture" ("id", "name", "kana") VALUES (6, '山形県', 'ヤマガタケン');
INSERT INTO "GreenLine_prefecture" ("id", "name", "kana") VALUES (7, '福島県', 'フクシマケン');
INSERT INTO "GreenLine_prefecture" ("id", "name", "kana") VALUES (8, '茨城県', 'イバラキケン');
INSERT INTO "GreenLine_prefecture" ("id", "name", "kana") VALUES (9, '栃木県', 'トチギケン');
INSERT INTO "GreenLine_prefecture" ("id", "name", "kana") VALUES (10, '群馬県', 'グンマケン');
INSERT INTO "GreenLine_prefecture" ("id", "name", "kana") VALUES (11, '埼玉県', 'サイタマケン');
INSERT INTO "GreenLine_prefecture" ("id", "name", "kana") VALUES (12, '千葉県', 'チバケン');
INSERT INTO "GreenLine_prefecture" ("id", "name", "kana") VALUES (13, '東京都', 'トウキョウト');
INSERT INTO "GreenLine_prefecture" ("id", "name", "kana") VALUES (14, '神奈川県', 'カナガワケン');
INSERT INTO "GreenLine_prefecture" ("id", "name", "kana") VALUES (15, '新潟県', 'ニイガタケン');
INSERT INTO "GreenLine_prefecture" ("id", "name", "kana") VALUES (16, '富山県', 'トヤマケン');
INSERT INTO "GreenLine_prefecture" ("id", "name", "kana") VALUES (17, '石川県', 'イシカワケン');
INSERT INTO "GreenLine_prefecture" ("id", "name", "kana") VALUES (18, '福井県', 'フクイケン');
INSERT INTO "GreenLine_prefecture" ("id", "name", "kana") VALUES (19, '山梨県', 'ヤマナシケン');
INSERT INTO "GreenLine_prefecture" ("id", "name", "kana") VALUES (20, '長野県', 'ナガノケン');
INSERT INTO "GreenLine_prefecture" ("id", "name", "kana") VALUES (21, '岐阜県', 'ギフケン');
INSERT INTO "GreenLine_prefecture" ("id", "name", "kana") VALUES (22, '静岡県', 'シズオカケン');
INSERT INTO "GreenLine_prefecture" ("id", "name", "kana") VALUES (23, '愛知県', 'アイチケン');
INSERT INTO "GreenLine_prefecture" ("id", "name", "kana") VALUES (24, '三重県', 'ミエケン');
INSERT INTO "GreenLine_prefecture" ("id", "name", "kana") VALUES (25, '滋賀県', 'シガケン');
INSERT INTO "GreenLine_prefecture" ("id", "name", "kana") VALUES (26, '京都府', 'キョウトフ');
INSERT INTO "GreenLine_prefecture" ("id", "name", "kana") VALUES (27, '大阪府', 'オオサカフ');
INSERT INTO "GreenLine_prefecture" ("id", "name", "kana") VALUES (28, '兵庫県', 'ヒョウゴケン');
INSERT INTO "GreenLine_prefecture" ("id", "name", "kana") VALUES (29, '奈良県', 'ナラケン');
INSERT INTO "GreenLine_prefecture" ("id", "name", "kana") VALUES (30, '和歌山県', 'ワカヤマケン');
INSERT INTO "GreenLine_prefecture" ("id", "name", "kana") VALUES (31, '鳥取県', 'トットリケン');
INSERT INTO "GreenLine_prefecture" ("id", "name", "kana") VALUES (32, '島根県', 'シマネケン');
INSERT INTO "GreenLine_prefecture" ("id", "name", "kana") VALUES (33, '岡山県', 'オカヤマケン');
INSERT INTO "GreenLine_prefecture" ("id", "name", "kana") VALUES (34, '広島県', 'ヒロシマケン');
INSERT INTO "GreenLine_prefecture" ("id", "name", "kana") VALUES (35, '山口県', 'ヤマグチケン');
INSERT INTO "GreenLine_prefecture" ("id", "name", "kana") VALUES (36, '徳島県', 'トクシマケン');
INSERT INTO "GreenLine_prefecture" ("id", "name", "kana") VALUES (37, '香川県', 'カガワケン');
INSERT INTO "GreenLine_prefecture" ("id", "name", "kana") VALUES (38, '愛媛県', 'エヒメケン');
INSERT INTO "GreenLine_prefecture" ("id", "name", "kana") VALUES (39, '高知県', 'コウチケン');
INSERT INTO "GreenLine_prefecture" ("id", "name", "kana") VALUES (40, '福岡県', 'フクオカケン');
INSERT INTO "GreenLine_prefecture" ("id", "name", "kana") VALUES (41, '佐賀県', 'サガケン');
INSERT INTO "GreenLine_prefecture" ("id", "name", "kana") VALUES (42, '長崎県', 'ナガサキケン');
INSERT INTO "GreenLine_prefecture" ("id", "name", "kana") VALUES (43, '熊本県', 'クマモトケン');
INSERT INTO "GreenLine_prefecture" ("id", "name", "kana") VALUES (44, '大分県', 'オオイタケン');
INSERT INTO "GreenLine_prefecture" ("id", "name", "kana") VALUES (45, '宮崎県', 'ミヤザキケン');
INSERT INTO "GreenLine_prefecture" ("id", "name", "kana") VALUES (46, '鹿児島県', 'カゴシマケン');
INSERT INTO "GreenLine_prefecture" ("id", "name", "kana") VALUES (47, '沖縄県', 'オキナワケン');
GreenLine_employeeINSERT INTO "GreenLine_city" ("id", "code", "name", "kana", "prefecture_id") VALUES (1, '01101', '札幌市中央区', 'サッポロシチュウオウク', 1);
INSERT INTO "GreenLine_city" ("id", "code", "name", "kana", "prefecture_id") VALUES (2, '01102', '札幌市北区', 'サッポロシキタク', 1);
INSERT INTO "GreenLine_city" ("id", "code", "name", "kana", "prefecture_id") VALUES (3, '01103', '札幌市東区', 'サッポロシヒガシク', 1);
INSERT INTO "GreenLine_city" ("id", "code", "name", "kana", "prefecture_id") VALUES (4, '01104', '札幌市白石区', 'サッポロシシロイシク', 1);
INSERT INTO "GreenLine_city" ("id", "code", "name", "kana", "prefecture_id") VALUES (5, '01105', '札幌市豊平区', 'サッポロシトヨヒラク', 1);
INSERT INTO "GreenLine_city" ("id", "code", "name", "kana", "prefecture_id") VALUES (6, '01106', '札幌市南区', 'サッポロシミナミク', 1);
INSERT INTO "GreenLine_city" ("id", "code", "name", "kana", "prefecture_id") VALUES (7, '01107', '札幌市西区', 'サッポロシニシク', 1);
INSERT INTO "GreenLine_city" ("id", "code", "name", "kana", "prefecture_id") VALUES (8, '01108', '札幌市厚別区', 'サッポロシアツベツク', 1);
INSERT INTO "GreenLine_city" ("id", "code", "name", "kana", "prefecture_id") VALUES (9, '01109', '札幌市手稲区', 'サッポロシテイネク', 1);
INSERT INTO "GreenLine_city" ("id", "code", "name", "kana", "prefecture_id") VALUES (10, '01110', '札幌市清田区', 'サッポロシキヨタク', 1);
INSERT INTO "GreenLine_city" ("id", "code", "name", "kana", "prefecture_id") VALUES (11, '01202', '函館市', 'ハコダテシ', 1);
INSERT INTO "GreenLine_city" ("id", "code", "name", "kana", "prefecture_id") VALUES (12, '01203', '小樽市', 'オタルシ', 1);
INSERT INTO "GreenLine_city" ("id", "code", "name", "kana", "prefecture_id") VALUES (13, '01204', '旭川市', 'アサヒカワシ', 1);
INSERT INTO "GreenLine_city" ("id", "code", "name", "kana", "prefecture_id") VALUES (14, '01205', '室蘭市', 'ムロランシ', 1);
INSERT INTO "GreenLine_city" ("id", "code", "name", "kana", "prefecture_id") VALUES (15, '01206', '釧路市', 'クシロシ', 1);
INSERT INTO "GreenLine_city" ("id", "code", "name", "kana", "prefecture_id") VALUES (16, '01207', '帯広市', 'オビヒロシ', 1);
INSERT INTO "GreenLine_city" ("id", "code", "name", "kana", "prefecture_id") VALUES (17, '01208', '北見市', 'キタミシ', 1);
INSERT INTO "GreenLine_city" ("id", "code", "name", "kana", "prefecture_id") VALUES (18, '01209', '夕張市', 'ユウバリシ', 1);
INSERT INTO "GreenLine_city" ("id", "code", "name", "kana", "prefecture_id") VALUES (19, '01210', '岩見沢市', 'イワミザワシ', 1);
INSERT INTO "GreenLine_city" ("id", "code", "name", "kana", "prefecture_id") VALUES (20, '01211', '網走市', 'アバシリシ', 1);
INSERT INTO "GreenLine_city" ("id", "code", "name", "kana", "prefecture_id") VALUES (21, '01212', '留萌市', 'ルモイシ', 1);
INSERT INTO "GreenLine_city" ("id", "code", "name", "kana", "prefecture_id") VALUES (22, '01213', '苫小牧市', 'トマコマイシ', 1);
INSERT INTO "GreenLine_city" ("id", "code", "name", "kana", "prefecture_id") VALUES (23, '01214', '稚内市', 'ワッカナイシ', 1);
INSERT INTO "GreenLine_city" ("id", "code", "name", "kana", "prefecture_id") VALUES (24, '01215', '美唄市', 'ビバイシ', 1);
INSERT INTO "GreenLine_city" ("id", "code", "name", "kana", "prefecture_id") VALUES (25, '01216', '芦別市', 'アシベツシ', 1);
INSERT INTO "GreenLine_city" ("id", "code", "name", "kana", "prefecture_id") VALUES (26, '01217', '江別市', 'エベツシ', 1);
INSERT INTO "GreenLine_city" ("id", "code", "name", "kana", "prefecture_id") VALUES (27, '01218', '赤平市', 'アカビラシ', 1);
INSERT INTO "GreenLine_city" ("id", "code", "name", "kana", "prefecture_id") VALUES (28, '01219', '紋別市', 'モンベツシ', 1);
INSERT INTO "GreenLine_city" ("id", "code", "name", "kana", "prefecture_id") VALUES (29, '01220', '士別市', 'シベツシ', 1);
INSERT INTO "GreenLine_city" ("id", "code", "name", "kana", "prefecture_id") VALUES (30, '01221', '名寄市', 'ナヨロシ', 1);
INSERT INTO "GreenLine_city" ("id", "code", "name", "kana", "prefecture_id") VALUES (31, '01222', '三笠市', 'ミカサシ', 1);
INSERT INTO "GreenLine_city" ("id", "code", "name", "kana", "prefecture_id") VALUES (32, '01223', '根室市', 'ネムロシ', 1);
INSERT INTO "GreenLine_city" ("id", "code", "name", "kana", "prefecture_id") VALUES (33, '01224', '千歳市', 'チトセシ', 1);
INSERT INTO "GreenLine_city" ("id", "code", "name", "kana", "prefecture_id") VALUES (34, '01225', '滝川市', 'タキカワシ', 1);
INSERT INTO "GreenLine_city" ("id", "code", "name", "kana", "prefecture_id") VALUES (35, '01226', '砂川市', 'スナガワシ', 1);
INSERT INTO "GreenLine_city" ("id", "code", "name", "kana", "prefecture_id") VALUES (36, '01227', '歌志内市', 'ウタシナイシ', 1);
INSERT INTO "GreenLine_city" ("id", "code", "name", "kana", "prefecture_id") VALUES (37, '01228', '深川市', 'フカガワシ', 1);
INSERT INTO "GreenLine_city" ("id", "code", "name", "kana", "prefecture_id") VALUES (38, '01229', '富良野市', 'フラノシ', 1);
INSERT INTO "GreenLine_city" ("id", "code", "name", "kana", "prefecture_id") VALUES (39, '01230', '登別市', 'ノボリベツシ', 1);
INSERT INTO "GreenLine_city" ("id", "code", "name", "kana", "prefecture_id") VALUES (40, '01231', '恵庭市', 'エニワシ', 1);
INSERT INTO "GreenLine_city" ("id", "code", "name", "kana", "prefecture_id") VALUES (41, '01233', '伊達市', 'ダテシ', 1);
INSERT INTO "GreenLine_city" ("id", "code", "name", "kana", "prefecture_id") VALUES (42, '01234', '北広島市', 'キタヒロシマシ', 1);
INSERT INTO "GreenLine_city" ("id", "code", "name", "kana", "prefecture_id") VALUES (43, '01235', '石狩市', 'イシカリシ', 1);
INSERT INTO "GreenLine_city" ("id", "code", "name", "kana", "prefecture_id") VALUES (44, '01236', '北斗市', 'ホクトシ', 1);
INSERT INTO "GreenLine_city" ("id", "code", "name", "kana", "prefecture_id") VALUES (45, '01303', '石狩郡当別町', 'イシカリグントウベツチョウ', 1);
INSERT INTO "GreenLine_city" ("id", "code", "name", "kana", "prefecture_id") VALUES (46, '01304', '石狩郡新篠津村', 'イシカリグンシンシノツムラ', 1);
INSERT INTO "GreenLine_city" ("id", "code", "name", "kana", "prefecture_id") VALUES (47, '01331', '松前郡松前町', 'マツマエグンマツマエチョウ', 1);
INSERT INTO "GreenLine_city" ("id", "code", "name", "kana", "prefecture_id") VALUES (48, '01332', '松前郡福島町', 'マツマエグンフクシマチョウ', 1);
INSERT INTO "GreenLine_city" ("id", "code", "name", "kana", "prefecture_id") VALUES (49, '01333', '上磯郡知内町', 'カミイソグンシリウチチョウ', 1);
INSERT INTO "GreenLine_city" ("id", "code", "name", "kana", "prefecture_id") VALUES (50, '01334', '上磯郡木古内町', 'カミイソグンキコナイチョウ', 1);
INSERT INTO "GreenLine_city" ("id", "code", "name", "kana", "prefecture_id") VALUES (51, '01337', '亀田郡七飯町', 'カメダグンナナエチョウ', 1);
INSERT INTO "GreenLine_city" ("id", "code", "name", "kana", "prefecture_id") VALUES (52, '01343', '茅部郡鹿部町', 'カヤベグンシカベチョウ', 1);
INSERT INTO "GreenLine_city" ("id", "code", "name", "kana", "prefecture_id") VALUES (53, '01345', '茅部郡森町', 'カヤベグンモリマチ', 1);
INSERT INTO "GreenLine_city" ("id", "code", "name", "kana", "prefecture_id") VALUES (54, '01346', '二海郡八雲町', 'フタミグンヤクモチョウ', 1);
INSERT INTO "GreenLine_city" ("id", "code", "name", "kana", "prefecture_id") VALUES (55, '01347', '山越郡長万部町', 'ヤマコシグンオシャマンベチョウ', 1);
INSERT INTO "GreenLine_city" ("id", "code", "name", "kana", "prefecture_id") VALUES (56, '01361', '檜山郡江差町', 'ヒヤマグンエサシチョウ', 1);
INSERT INTO "GreenLine_city" ("id", "code", "name", "kana", "prefecture_id") VALUES (57, '01362', '檜山郡上ノ国町', 'ヒヤマグンカミノクニチョウ', 1);
INSERT INTO "GreenLine_city" ("id", "code", "name", "kana", "prefecture_id") VALUES (58, '01363', '檜山郡厚沢部町', 'ヒヤマグンアッサブチョウ', 1);
INSERT INTO "GreenLine_city" ("id", "code", "name", "kana", "prefecture_id") VALUES (59, '01364', '爾志郡乙部町', 'ニシグンオトベチョウ', 1);
INSERT INTO "GreenLine_city" ("id", "code", "name", "kana", "prefecture_id") VALUES (60, '01367', '奥尻郡奥尻町', 'オクシリグンオクシリチョウ', 1);
INSERT INTO "GreenLine_city" ("id", "code", "name", "kana", "prefecture_id") VALUES (61, '01370', '瀬棚郡今金町', 'セタナグンイマカネチョウ', 1);
INSERT INTO "GreenLine_city" ("id", "code", "name", "kana", "prefecture_id") VALUES (62, '01371', '久遠郡せたな町', 'クドウグンセタナチョウ', 1);
INSERT INTO "GreenLine_city" ("id", "code", "name", "kana", "prefecture_id") VALUES (63, '01391', '島牧郡島牧村', 'シママキグンシママキムラ', 1);
INSERT INTO "GreenLine_city" ("id", "code", "name", "kana", "prefecture_id") VALUES (64, '01392', '寿都郡寿都町', 'スッツグンスッツチョウ', 1);
INSERT INTO "GreenLine_city" ("id", "code", "name", "kana", "prefecture_id") VALUES (65, '01393', '寿都郡黒松内町', 'スッツグンクロマツナイチョウ', 1);
INSERT INTO "GreenLine_city" ("id", "code", "name", "kana", "prefecture_id") VALUES (66, '01394', '磯谷郡蘭越町', 'イソヤグンランコシチョウ', 1);
INSERT INTO "GreenLine_city" ("id", "code", "name", "kana", "prefecture_id") VALUES (67, '01395', '虻田郡ニセコ町', 'アブタグンニセコチョウ', 1);
INSERT INTO "GreenLine_city" ("id", "code", "name", "kana", "prefecture_id") VALUES (68, '01396', '虻田郡真狩村', 'アブタグンマッカリムラ', 1);
INSERT INTO "GreenLine_city" ("id", "code", "name", "kana", "prefecture_id") VALUES (69, '01397', '虻田郡留寿都村', 'アブタグンルスツムラ', 1);
INSERT INTO "GreenLine_city" ("id", "code", "name", "kana", "prefecture_id") VALUES (70, '01398', '虻田郡喜茂別町', 'アブタグンキモベツチョウ', 1);
INSERT INTO "GreenLine_city" ("id", "code", "name", "kana", "prefecture_id") VALUES (71, '01399', '虻田郡京極町', 'アブタグンキョウゴクチョウ', 1);
INSERT INTO "GreenLine_city" ("id", "code", "name", "kana", "prefecture_id") VALUES (72, '01400', '虻田郡倶知安町', 'アブタグンクッチャンチョウ', 1);
INSERT INTO "GreenLine_city" ("id", "code", "name", "kana", "prefecture_id") VALUES (73, '01401', '岩内郡共和町', 'イワナイグンキョウワチョウ', 1);
INSERT INTO "GreenLine_city" ("id", "code", "name", "kana", "prefecture_id") VALUES (74, '01402', '岩内郡岩内町', 'イワナイグンイワナイチョウ', 1);
INSERT INTO "GreenLine_city" ("id", "code", "name", "kana", "prefecture_id") VALUES (75, '01403', '古宇郡泊村', 'フルウグントマリムラ', 1);
INSERT INTO "GreenLine_city" ("id", "code", "name", "kana", "prefecture_id") VALUES (76, '01404', '古宇郡神恵内村', 'フルウグンカモエナイムラ', 1);
INSERT INTO "GreenLine_city" ("id", "code", "name", "kana", "prefecture_id") VALUES (77, '01405', '積丹郡積丹町', 'シャコタングンシャコタンチョウ', 1);
INSERT INTO "GreenLine_city" ("id", "code", "name", "kana", "prefecture_id") VALUES (78, '01406', '古平郡古平町', 'フルビラグンフルビラチョウ', 1);
INSERT INTO "GreenLine_city" ("id", "code", "name", "kana", "prefecture_id") VALUES (79, '01407', '余市郡仁木町', 'ヨイチグンニキチョウ', 1);
INSERT INTO "GreenLine_city" ("id", "code", "name", "kana", "prefecture_id") VALUES (80, '01408', '余市郡余市町', 'ヨイチグンヨイチチョウ', 1);
INSERT INTO "GreenLine_city" ("id", "code", "name", "kana", "prefecture_id") VALUES (81, '01409', '余市郡赤井川村', 'ヨイチグンアカイガワムラ', 1);
INSERT INTO "GreenLine_city" ("id", "code", "name", "kana", "prefecture_id") VALUES (82, '01423', '空知郡南幌町', 'ソラチグンナンポロチョウ', 1);
INSERT INTO "GreenLine_city" ("id", "code", "name", "kana", "prefecture_id") VALUES (83, '01424', '空知郡奈井江町', 'ソラチグンナイエチョウ', 1);
INSERT INTO "GreenLine_city" ("id", "code", "name", "kana", "prefecture_id") VALUES (84, '01425', '空知郡上砂川町', 'ソラチグンカミスナガワチョウ', 1);
INSERT INTO "GreenLine_city" ("id", "code", "name", "kana", "prefecture_id") VALUES (85, '01427', '夕張郡由仁町', 'ユウバリグンユニチョウ', 1);
INSERT INTO "GreenLine_city" ("id", "code", "name", "kana", "prefecture_id") VALUES (86, '01428', '夕張郡長沼町', 'ユウバリグンナガヌマチョウ', 1);
INSERT INTO "GreenLine_city" ("id", "code", "name", "kana", "prefecture_id") VALUES (87, '01429', '夕張郡栗山町', 'ユウバリグンクリヤマチョウ', 1);
INSERT INTO "GreenLine_city" ("id", "code", "name", "kana", "prefecture_id") VALUES (88, '01430', '樺戸郡月形町', 'カバトグンツキガタチョウ', 1);
INSERT INTO "GreenLine_city" ("id", "code", "name", "kana", "prefecture_id") VALUES (89, '01431', '樺戸郡浦臼町', 'カバトグンウラウスチョウ', 1);
INSERT INTO "GreenLine_city" ("id", "code", "name", "kana", "prefecture_id") VALUES (90, '01432', '樺戸郡新十津川町', 'カバトグンシントツカワチョウ', 1);
INSERT INTO "GreenLine_city" ("id", "code", "name", "kana", "prefecture_id") VALUES (91, '01433', '雨竜郡妹背牛町', 'ウリュウグンモセウシチョウ', 1);
INSERT INTO "GreenLine_city" ("id", "code", "name", "kana", "prefecture_id") VALUES (92, '01434', '雨竜郡秩父別町', 'ウリュウグンチップベツチョウ', 1);
INSERT INTO "GreenLine_city" ("id", "code", "name", "kana", "prefecture_id") VALUES (93, '01436', '雨竜郡雨竜町', 'ウリュウグンウリュウチョウ', 1);
INSERT INTO "GreenLine_city" ("id", "code", "name", "kana", "prefecture_id") VALUES (94, '01437', '雨竜郡北竜町', 'ウリュウグンホクリュウチョウ', 1);
INSERT INTO "GreenLine_city" ("id", "code", "name", "kana", "prefecture_id") VALUES (95, '01438', '雨竜郡沼田町', 'ウリュウグンヌマタチョウ', 1);
INSERT INTO "GreenLine_city" ("id", "code", "name", "kana", "prefecture_id") VALUES (96, '01452', '上川郡鷹栖町', 'カミカワグンタカスチョウ', 1);
INSERT INTO "GreenLine_city" ("id", "code", "name", "kana", "prefecture_id") VALUES (97, '01453', '上川郡東神楽町', 'カミカワグンヒガシカグラチョウ', 1);
INSERT INTO "GreenLine_city" ("id", "code", "name", "kana", "prefecture_id") VALUES (98, '01454', '上川郡当麻町', 'カミカワグントウマチョウ', 1);
INSERT INTO "GreenLine_city" ("id", "code", "name", "kana", "prefecture_id") VALUES (99, '01455', '上川郡比布町', 'カミカワグンピップチョウ', 1);
INSERT INTO "GreenLine_city" ("id", "code", "name", "kana", "prefecture_id") VALUES (100, '01456', '上川郡愛別町', 'カミカワグンアイベツチョウ', 1);
INSERT INTO "GreenLine_city" ("id", "code", "name", "kana", "prefecture_id") VALUES (101, '01457', '上川郡上川町', 'カミカワグンカミカワチョウ', 1);
INSERT INTO "GreenLine_city" ("id", "code", "name", "kana", "prefecture_id") VALUES (102, '01458', '上川郡東川町', 'カミカワグンヒガシカワチョウ', 1);
INSERT INTO "GreenLine_city" ("id", "code", "name", "kana", "prefecture_id") VALUES (103, '01459', '上川郡美瑛町', 'カミカワグンビエイチョウ', 1);
INSERT INTO "GreenLine_city" ("id", "code", "name", "kana", "prefecture_id") VALUES (104, '01460', '空知郡上富良野町', 'ソラチグンカミフラノチョウ', 1);
INSERT INTO "GreenLine_city" ("id", "code", "name", "kana", "prefecture_id") VALUES (105, '01461', '空知郡中富良野町', 'ソラチグンナカフラノチョウ', 1);
INSERT INTO "GreenLine_city" ("id", "code", "name", "kana", "prefecture_id") VALUES (106, '01462', '空知郡南富良野町', 'ソラチグンミナミフラノチョウ', 1);
INSERT INTO "GreenLine_city" ("id", "code", "name", "kana", "prefecture_id") VALUES (107, '01463', '勇払郡占冠村', 'ユウフツグンシムカップムラ', 1);
INSERT INTO "GreenLine_city" ("id", "code", "name", "kana", "prefecture_id") VALUES (108, '01464', '上川郡和寒町', 'カミカワグンワッサムチョウ', 1);
INSERT INTO "GreenLine_city" ("id", "code", "name", "kana", "prefecture_id") VALUES (109, '01465', '上川郡剣淵町', 'カミカワグンケンブチチョウ', 1);
INSERT INTO "GreenLine_city" ("id", "code", "name", "kana", "prefecture_id") VALUES (110, '01468', '上川郡下川町', 'カミカワグンシモカワチョウ', 1);
INSERT INTO "GreenLine_city" ("id", "code", "name", "kana", "prefecture_id") VALUES (111, '01469', '中川郡美深町', 'ナカガワグンビフカチョウ', 1);
INSERT INTO "GreenLine_city" ("id", "code", "name", "kana", "prefecture_id") VALUES (112, '01470', '中川郡音威子府村', 'ナカガワグンオトイネップムラ', 1);
INSERT INTO "GreenLine_city" ("id", "code", "name", "kana", "prefecture_id") VALUES (113, '01471', '中川郡中川町', 'ナカガワグンナカガワチョウ', 1);
INSERT INTO "GreenLine_city" ("id", "code", "name", "kana", "prefecture_id") VALUES (114, '01472', '雨竜郡幌加内町', 'ウリュウグンホロカナイチョウ', 1);
INSERT INTO "GreenLine_city" ("id", "code", "name", "kana", "prefecture_id") VALUES (115, '01481', '増毛郡増毛町', 'マシケグンマシケチョウ', 1);
INSERT INTO "GreenLine_city" ("id", "code", "name", "kana", "prefecture_id") VALUES (116, '01482', '留萌郡小平町', 'ルモイグンオビラチョウ', 1);
INSERT INTO "GreenLine_city" ("id", "code", "name", "kana", "prefecture_id") VALUES (117, '01483', '苫前郡苫前町', 'トママエグントママエチョウ', 1);
INSERT INTO "GreenLine_city" ("id", "code", "name", "kana", "prefecture_id") VALUES (118, '01484', '苫前郡羽幌町', 'トママエグンハボロチョウ', 1);
INSERT INTO "GreenLine_city" ("id", "code", "name", "kana", "prefecture_id") VALUES (119, '01485', '苫前郡初山別村', 'トママエグンショサンベツムラ', 1);
INSERT INTO "GreenLine_city" ("id", "code", "name", "kana", "prefecture_id") VALUES (120, '01486', '天塩郡遠別町', 'テシオグンエンベツチョウ', 1);
INSERT INTO "GreenLine_city" ("id", "code", "name", "kana", "prefecture_id") VALUES (121, '01487', '天塩郡天塩町', 'テシオグンテシオチョウ', 1);
INSERT INTO "GreenLine_city" ("id", "code", "name", "kana", "prefecture_id") VALUES (122, '01511', '宗谷郡猿払村', 'ソウヤグンサルフツムラ', 1);
INSERT INTO "GreenLine_city" ("id", "code", "name", "kana", "prefecture_id") VALUES (123, '01512', '枝幸郡浜頓別町', 'エサシグンハマトンベツチョウ', 1);
INSERT INTO "GreenLine_city" ("id", "code", "name", "kana", "prefecture_id") VALUES (124, '01513', '枝幸郡中頓別町', 'エサシグンナカトンベツチョウ', 1);
INSERT INTO "GreenLine_city" ("id", "code", "name", "kana", "prefecture_id") VALUES (125, '01514', '枝幸郡枝幸町', 'エサシグンエサシチョウ', 1);
INSERT INTO "GreenLine_city" ("id", "code", "name", "kana", "prefecture_id") VALUES (126, '01516', '天塩郡豊富町', 'テシオグントヨトミチョウ', 1);
INSERT INTO "GreenLine_city" ("id", "code", "name", "kana", "prefecture_id") VALUES (127, '01517', '礼文郡礼文町', 'レブングンレブンチョウ', 1);
INSERT INTO "GreenLine_city" ("id", "code", "name", "kana", "prefecture_id") VALUES (128, '01518', '利尻郡利尻町', 'リシリグンリシリチョウ', 1);
INSERT INTO "GreenLine_city" ("id", "code", "name", "kana", "prefecture_id") VALUES (129, '01519', '利尻郡利尻富士町', 'リシリグンリシリフジチョウ', 1);
INSERT INTO "GreenLine_city" ("id", "code", "name", "kana", "prefecture_id") VALUES (130, '01520', '天塩郡幌延町', 'テシオグンホロノベチョウ', 1);
INSERT INTO "GreenLine_city" ("id", "code", "name", "kana", "prefecture_id") VALUES (131, '01543', '網走郡美幌町', 'アバシリグンビホロチョウ', 1);
INSERT INTO "GreenLine_city" ("id", "code", "name", "kana", "prefecture_id") VALUES (132, '01544', '網走郡津別町', 'アバシリグンツベツチョウ', 1);
INSERT INTO "GreenLine_city" ("id", "code", "name", "kana", "prefecture_id") VALUES (133, '01545', '斜里郡斜里町', 'シャリグンシャリチョウ', 1);
INSERT INTO "GreenLine_city" ("id", "code", "name", "kana", "prefecture_id") VALUES (134, '01546', '斜里郡清里町', 'シャリグンキヨサトチョウ', 1);
INSERT INTO "GreenLine_city" ("id", "code", "name", "kana", "prefecture_id") VALUES (135, '01547', '斜里郡小清水町', 'シャリグンコシミズチョウ', 1);
INSERT INTO "GreenLine_city" ("id", "code", "name", "kana", "prefecture_id") VALUES (136, '01549', '常呂郡訓子府町', 'トコログンクンネップチョウ', 1);
INSERT INTO "GreenLine_city" ("id", "code", "name", "kana", "prefecture_id") VALUES (137, '01550', '常呂郡置戸町', 'トコログンオケトチョウ', 1);
INSERT INTO "GreenLine_city" ("id", "code", "name", "kana", "prefecture_id") VALUES (138, '01552', '常呂郡佐呂間町', 'トコログンサロマチョウ', 1);
INSERT INTO "GreenLine_city" ("id", "code", "name", "kana", "prefecture_id") VALUES (139, '01555', '紋別郡遠軽町', 'モンベツグンエンガルチョウ', 1);
INSERT INTO "GreenLine_city" ("id", "code", "name", "kana", "prefecture_id") VALUES (140, '01559', '紋別郡湧別町', 'モンベツグンユウベツチョウ', 1);
INSERT INTO "GreenLine_city" ("id", "code", "name", "kana", "prefecture_id") VALUES (141, '01560', '紋別郡滝上町', 'モンベツグンタキノウエチョウ', 1);
INSERT INTO "GreenLine_city" ("id", "code", "name", "kana", "prefecture_id") VALUES (142, '01561', '紋別郡興部町', 'モンベツグンオコッペチョウ', 1);
INSERT INTO "GreenLine_city" ("id", "code", "name", "kana", "prefecture_id") VALUES (143, '01562', '紋別郡西興部村', 'モンベツグンニシオコッペムラ', 1);
INSERT INTO "GreenLine_city" ("id", "code", "name", "kana", "prefecture_id") VALUES (144, '01563', '紋別郡雄武町', 'モンベツグンオウムチョウ', 1);
INSERT INTO "GreenLine_city" ("id", "code", "name", "kana", "prefecture_id") VALUES (145, '01564', '網走郡大空町', 'アバシリグンオオゾラチョウ', 1);
INSERT INTO "GreenLine_city" ("id", "code", "name", "kana", "prefecture_id") VALUES (146, '01571', '虻田郡豊浦町', 'アブタグントヨウラチョウ', 1);
INSERT INTO "GreenLine_city" ("id", "code", "name", "kana", "prefecture_id") VALUES (147, '01575', '有珠郡壮瞥町', 'ウスグンソウベツチョウ', 1);
INSERT INTO "GreenLine_city" ("id", "code", "name", "kana", "prefecture_id") VALUES (148, '01578', '白老郡白老町', 'シラオイグンシラオイチョウ', 1);
INSERT INTO "GreenLine_city" ("id", "code", "name", "kana", "prefecture_id") VALUES (149, '01581', '勇払郡厚真町', 'ユウフツグンアツマチョウ', 1);
INSERT INTO "GreenLine_city" ("id", "code", "name", "kana", "prefecture_id") VALUES (150, '01584', '虻田郡洞爺湖町', 'アブタグントウヤコチョウ', 1);
INSERT INTO "GreenLine_city" ("id", "code", "name", "kana", "prefecture_id") VALUES (151, '01585', '勇払郡安平町', 'ユウフツグンアビラチョウ', 1);
INSERT INTO "GreenLine_city" ("id", "code", "name", "kana", "prefecture_id") VALUES (152, '01586', '勇払郡むかわ町', 'ユウフツグンムカワチョウ', 1);
INSERT INTO "GreenLine_city" ("id", "code", "name", "kana", "prefecture_id") VALUES (153, '01601', '沙流郡日高町', 'サルグンヒダカチョウ', 1);
INSERT INTO "GreenLine_city" ("id", "code", "name", "kana", "prefecture_id") VALUES (154, '01602', '沙流郡平取町', 'サルグンビラトリチョウ', 1);
INSERT INTO "GreenLine_city" ("id", "code", "name", "kana", "prefecture_id") VALUES (155, '01604', '新冠郡新冠町', 'ニイカップグンニイカップチョウ', 1);
INSERT INTO "GreenLine_city" ("id", "code", "name", "kana", "prefecture_id") VALUES (156, '01607', '浦河郡浦河町', 'ウラカワグンウラカワチョウ', 1);
INSERT INTO "GreenLine_city" ("id", "code", "name", "kana", "prefecture_id") VALUES (157, '01608', '様似郡様似町', 'サマニグンサマニチョウ', 1);
INSERT INTO "GreenLine_city" ("id", "code", "name", "kana", "prefecture_id") VALUES (158, '01609', '幌泉郡えりも町', 'ホロイズミグンエリモチョウ', 1);
INSERT INTO "GreenLine_city" ("id", "code", "name", "kana", "prefecture_id") VALUES (159, '01610', '日高郡新ひだか町', 'ヒダカグンシンヒダカチョウ', 1);
INSERT INTO "GreenLine_city" ("id", "code", "name", "kana", "prefecture_id") VALUES (160, '01631', '河東郡音更町', 'カトウグンオトフケチョウ', 1);
INSERT INTO "GreenLine_city" ("id", "code", "name", "kana", "prefecture_id") VALUES (161, '01632', '河東郡士幌町', 'カトウグンシホロチョウ', 1);
INSERT INTO "GreenLine_city" ("id", "code", "name", "kana", "prefecture_id") VALUES (162, '01633', '河東郡上士幌町', 'カトウグンカミシホロチョウ', 1);
INSERT INTO "GreenLine_city" ("id", "code", "name", "kana", "prefecture_id") VALUES (163, '01634', '河東郡鹿追町', 'カトウグンシカオイチョウ', 1);
INSERT INTO "GreenLine_city" ("id", "code", "name", "kana", "prefecture_id") VALUES (164, '01635', '上川郡新得町', 'カミカワグンシントクチョウ', 1);
INSERT INTO "GreenLine_city" ("id", "code", "name", "kana", "prefecture_id") VALUES (165, '01636', '上川郡清水町', 'カミカワグンシミズチョウ', 1);
INSERT INTO "GreenLine_city" ("id", "code", "name", "kana", "prefecture_id") VALUES (166, '01637', '河西郡芽室町', 'カサイグンメムロチョウ', 1);
INSERT INTO "GreenLine_city" ("id", "code", "name", "kana", "prefecture_id") VALUES (167, '01638', '河西郡中札内村', 'カサイグンナカサツナイムラ', 1);
INSERT INTO "GreenLine_city" ("id", "code", "name", "kana", "prefecture_id") VALUES (168, '01639', '河西郡更別村', 'カサイグンサラベツムラ', 1);
INSERT INTO "GreenLine_city" ("id", "code", "name", "kana", "prefecture_id") VALUES (169, '01641', '広尾郡大樹町', 'ヒロオグンタイキチョウ', 1);
INSERT INTO "GreenLine_city" ("id", "code", "name", "kana", "prefecture_id") VALUES (170, '01642', '広尾郡広尾町', 'ヒロオグンヒロオチョウ', 1);
INSERT INTO "GreenLine_city" ("id", "code", "name", "kana", "prefecture_id") VALUES (171, '01643', '中川郡幕別町', 'ナカガワグンマクベツチョウ', 1);
INSERT INTO "GreenLine_city" ("id", "code", "name", "kana", "prefecture_id") VALUES (172, '01644', '中川郡池田町', 'ナカガワグンイケダチョウ', 1);
INSERT INTO "GreenLine_city" ("id", "code", "name", "kana", "prefecture_id") VALUES (173, '01645', '中川郡豊頃町', 'ナカガワグントヨコロチョウ', 1);
INSERT INTO "GreenLine_city" ("id", "code", "name", "kana", "prefecture_id") VALUES (174, '01646', '中川郡本別町', 'ナカガワグンホンベツチョウ', 1);
INSERT INTO "GreenLine_city" ("id", "code", "name", "kana", "prefecture_id") VALUES (175, '01647', '足寄郡足寄町', 'アショログンアショロチョウ', 1);
INSERT INTO "GreenLine_city" ("id", "code", "name", "kana", "prefecture_id") VALUES (176, '01648', '足寄郡陸別町', 'アショログンリクベツチョウ', 1);
INSERT INTO "GreenLine_city" ("id", "code", "name", "kana", "prefecture_id") VALUES (177, '01649', '十勝郡浦幌町', 'トカチグンウラホロチョウ', 1);
INSERT INTO "GreenLine_city" ("id", "code", "name", "kana", "prefecture_id") VALUES (178, '01661', '釧路郡釧路町', 'クシログンクシロチョウ', 1);
INSERT INTO "GreenLine_city" ("id", "code", "name", "kana", "prefecture_id") VALUES (179, '01662', '厚岸郡厚岸町', 'アッケシグンアッケシチョウ', 1);
INSERT INTO "GreenLine_city" ("id", "code", "name", "kana", "prefecture_id") VALUES (180, '01663', '厚岸郡浜中町', 'アッケシグンハマナカチョウ', 1);
INSERT INTO "GreenLine_city" ("id", "code", "name", "kana", "prefecture_id") VALUES (181, '01664', '川上郡標茶町', 'カワカミグンシベチャチョウ', 1);
INSERT INTO "GreenLine_city" ("id", "code", "name", "kana", "prefecture_id") VALUES (182, '01665', '川上郡弟子屈町', 'カワカミグンテシカガチョウ', 1);
INSERT INTO "GreenLine_city" ("id", "code", "name", "kana", "prefecture_id") VALUES (183, '01667', '阿寒郡鶴居村', 'アカングンツルイムラ', 1);
INSERT INTO "GreenLine_city" ("id", "code", "name", "kana", "prefecture_id") VALUES (184, '01668', '白糠郡白糠町', 'シラヌカグンシラヌカチョウ', 1);
INSERT INTO "GreenLine_city" ("id", "code", "name", "kana", "prefecture_id") VALUES (185, '01691', '野付郡別海町', 'ノツケグンベツカイチョウ', 1);
INSERT INTO "GreenLine_city" ("id", "code", "name", "kana", "prefecture_id") VALUES (186, '01692', '標津郡中標津町', 'シベツグンナカシベツチョウ', 1);
INSERT INTO "GreenLine_city" ("id", "code", "name", "kana", "prefecture_id") VALUES (187, '01693', '標津郡標津町', 'シベツグンシベツチョウ', 1);
INSERT INTO "GreenLine_city" ("id", "code", "name", "kana", "prefecture_id") VALUES (188, '01694', '目梨郡羅臼町', 'メナシグンラウスチョウ', 1);
INSERT INTO "GreenLine_city" ("id", "code", "name", "kana", "prefecture_id") VALUES (189, '02201', '青森市', 'アオモリシ', 2);
INSERT INTO "GreenLine_city" ("id", "code", "name", "kana", "prefecture_id") VALUES (190, '02202', '弘前市', 'ヒロサキシ', 2);
INSERT INTO "GreenLine_city" ("id", "code", "name", "kana", "prefecture_id") VALUES (191, '02203', '八戸市', 'ハチノヘシ', 2);
INSERT INTO "GreenLine_city" ("id", "code", "name", "kana", "prefecture_id") VALUES (192, '02204', '黒石市', 'クロイシシ', 2);
INSERT INTO "GreenLine_city" ("id", "code", "name", "kana", "prefecture_id") VALUES (193, '02205', '五所川原市', 'ゴショガワラシ', 2);
INSERT INTO "GreenLine_city" ("id", "code", "name", "kana", "prefecture_id") VALUES (194, '02206', '十和田市', 'トワダシ', 2);
INSERT INTO "GreenLine_city" ("id", "code", "name", "kana", "prefecture_id") VALUES (195, '02207', '三沢市', 'ミサワシ', 2);
INSERT INTO "GreenLine_city" ("id", "code", "name", "kana", "prefecture_id") VALUES (196, '02208', 'むつ市', 'ムツシ', 2);
INSERT INTO "GreenLine_city" ("id", "code", "name", "kana", "prefecture_id") VALUES (197, '02209', 'つがる市', 'ツガルシ', 2);
INSERT INTO "GreenLine_city" ("id", "code", "name", "kana", "prefecture_id") VALUES (198, '02210', '平川市', 'ヒラカワシ', 2);
INSERT INTO "GreenLine_city" ("id", "code", "name", "kana", "prefecture_id") VALUES (199, '02301', '東津軽郡平内町', 'ヒガシツガルグンヒラナイマチ', 2);
INSERT INTO "GreenLine_city" ("id", "code", "name", "kana", "prefecture_id") VALUES (200, '02303', '東津軽郡今別町', 'ヒガシツガルグンイマベツマチ', 2);
INSERT INTO "GreenLine_city" ("id", "code", "name", "kana", "prefecture_id") VALUES (201, '02304', '東津軽郡蓬田村', 'ヒガシツガルグンヨモギタムラ', 2);
INSERT INTO "GreenLine_city" ("id", "code", "name", "kana", "prefecture_id") VALUES (202, '02307', '東津軽郡外ヶ浜町', 'ヒガシツガルグンソトガハママチ', 2);
INSERT INTO "GreenLine_city" ("id", "code", "name", "kana", "prefecture_id") VALUES (203, '02321', '西津軽郡鰺ヶ沢町', 'ニシツガルグンアジガサワマチ', 2);
INSERT INTO "GreenLine_city" ("id", "code", "name", "kana", "prefecture_id") VALUES (204, '02323', '西津軽郡深浦町', 'ニシツガルグンフカウラマチ', 2);
INSERT INTO "GreenLine_city" ("id", "code", "name", "kana", "prefecture_id") VALUES (205, '02343', '中津軽郡西目屋村', 'ナカツガルグンニシメヤムラ', 2);
INSERT INTO "GreenLine_city" ("id", "code", "name", "kana", "prefecture_id") VALUES (206, '02361', '南津軽郡藤崎町', 'ミナミツガルグンフジサキマチ', 2);
INSERT INTO "GreenLine_city" ("id", "code", "name", "kana", "prefecture_id") VALUES (207, '02362', '南津軽郡大鰐町', 'ミナミツガルグンオオワニマチ', 2);
INSERT INTO "GreenLine_city" ("id", "code", "name", "kana", "prefecture_id") VALUES (208, '02367', '南津軽郡田舎館村', 'ミナミツガルグンイナカダテムラ', 2);
INSERT INTO "GreenLine_city" ("id", "code", "name", "kana", "prefecture_id") VALUES (209, '02381', '北津軽郡板柳町', 'キタツガルグンイタヤナギマチ', 2);
INSERT INTO "GreenLine_city" ("id", "code", "name", "kana", "prefecture_id") VALUES (210, '02384', '北津軽郡鶴田町', 'キタツガルグンツルタマチ', 2);
INSERT INTO "GreenLine_city" ("id", "code", "name", "kana", "prefecture_id") VALUES (211, '02387', '北津軽郡中泊町', 'キタツガルグンナカドマリマチ', 2);
INSERT INTO "GreenLine_city" ("id", "code", "name", "kana", "prefecture_id") VALUES (212, '02401', '上北郡野辺地町', 'カミキタグンノヘジマチ', 2);
INSERT INTO "GreenLine_city" ("id", "code", "name", "kana", "prefecture_id") VALUES (213, '02402', '上北郡七戸町', 'カミキタグンシチノヘマチ', 2);
INSERT INTO "GreenLine_city" ("id", "code", "name", "kana", "prefecture_id") VALUES (214, '02405', '上北郡六戸町', 'カミキタグンロクノヘマチ', 2);
INSERT INTO "GreenLine_city" ("id", "code", "name", "kana", "prefecture_id") VALUES (215, '02406', '上北郡横浜町', 'カミキタグンヨコハママチ', 2);
INSERT INTO "GreenLine_city" ("id", "code", "name", "kana", "prefecture_id") VALUES (216, '02408', '上北郡東北町', 'カミキタグントウホクマチ', 2);
INSERT INTO "GreenLine_city" ("id", "code", "name", "kana", "prefecture_id") VALUES (217, '02411', '上北郡六ヶ所村', 'カミキタグンロッカショムラ', 2);
INSERT INTO "GreenLine_city" ("id", "code", "name", "kana", "prefecture_id") VALUES (218, '02412', '上北郡おいらせ町', 'カミキタグンオイラセチョウ', 2);
INSERT INTO "GreenLine_city" ("id", "code", "name", "kana", "prefecture_id") VALUES (219, '02423', '下北郡大間町', 'シモキタグンオオママチ', 2);
INSERT INTO "GreenLine_city" ("id", "code", "name", "kana", "prefecture_id") VALUES (220, '02424', '下北郡東通村', 'シモキタグンヒガシドオリムラ', 2);
INSERT INTO "GreenLine_city" ("id", "code", "name", "kana", "prefecture_id") VALUES (221, '02425', '下北郡風間浦村', 'シモキタグンカザマウラムラ', 2);
INSERT INTO "GreenLine_city" ("id", "code", "name", "kana", "prefecture_id") VALUES (222, '02426', '下北郡佐井村', 'シモキタグンサイムラ', 2);
INSERT INTO "GreenLine_city" ("id", "code", "name", "kana", "prefecture_id") VALUES (223, '02441', '三戸郡三戸町', 'サンノヘグンサンノヘマチ', 2);
INSERT INTO "GreenLine_city" ("id", "code", "name", "kana", "prefecture_id") VALUES (224, '02442', '三戸郡五戸町', 'サンノヘグンゴノヘマチ', 2);
INSERT INTO "GreenLine_city" ("id", "code", "name", "kana", "prefecture_id") VALUES (225, '02443', '三戸郡田子町', 'サンノヘグンタッコマチ', 2);
INSERT INTO "GreenLine_city" ("id", "code", "name", "kana", "prefecture_id") VALUES (226, '02445', '三戸郡南部町', 'サンノヘグンナンブチョウ', 2);
INSERT INTO "GreenLine_city" ("id", "code", "name", "kana", "prefecture_id") VALUES (227, '02446', '三戸郡階上町', 'サンノヘグンハシカミチョウ', 2);
INSERT INTO "GreenLine_city" ("id", "code", "name", "kana", "prefecture_id") VALUES (228, '02450', '三戸郡新郷村', 'サンノヘグンシンゴウムラ', 2);
INSERT INTO "GreenLine_city" ("id", "code", "name", "kana", "prefecture_id") VALUES (229, '03201', '盛岡市', 'モリオカシ', 3);
INSERT INTO "GreenLine_city" ("id", "code", "name", "kana", "prefecture_id") VALUES (230, '03202', '宮古市', 'ミヤコシ', 3);
INSERT INTO "GreenLine_city" ("id", "code", "name", "kana", "prefecture_id") VALUES (231, '03203', '大船渡市', 'オオフナトシ', 3);
INSERT INTO "GreenLine_city" ("id", "code", "name", "kana", "prefecture_id") VALUES (232, '03205', '花巻市', 'ハナマキシ', 3);
INSERT INTO "GreenLine_city" ("id", "code", "name", "kana", "prefecture_id") VALUES (233, '03206', '北上市', 'キタカミシ', 3);
INSERT INTO "GreenLine_city" ("id", "code", "name", "kana", "prefecture_id") VALUES (234, '03207', '久慈市', 'クジシ', 3);
INSERT INTO "GreenLine_city" ("id", "code", "name", "kana", "prefecture_id") VALUES (235, '03208', '遠野市', 'トオノシ', 3);
INSERT INTO "GreenLine_city" ("id", "code", "name", "kana", "prefecture_id") VALUES (236, '03209', '一関市', 'イチノセキシ', 3);
INSERT INTO "GreenLine_city" ("id", "code", "name", "kana", "prefecture_id") VALUES (237, '03210', '陸前高田市', 'リクゼンタカタシ', 3);
INSERT INTO "GreenLine_city" ("id", "code", "name", "kana", "prefecture_id") VALUES (238, '03211', '釜石市', 'カマイシシ', 3);
INSERT INTO "GreenLine_city" ("id", "code", "name", "kana", "prefecture_id") VALUES (239, '03213', '二戸市', 'ニノヘシ', 3);
INSERT INTO "GreenLine_city" ("id", "code", "name", "kana", "prefecture_id") VALUES (240, '03214', '八幡平市', 'ハチマンタイシ', 3);
INSERT INTO "GreenLine_city" ("id", "code", "name", "kana", "prefecture_id") VALUES (241, '03215', '奥州市', 'オウシュウシ', 3);
INSERT INTO "GreenLine_city" ("id", "code", "name", "kana", "prefecture_id") VALUES (242, '03216', '滝沢市', 'タキザワシ', 3);
INSERT INTO "GreenLine_city" ("id", "code", "name", "kana", "prefecture_id") VALUES (243, '03301', '岩手郡雫石町', 'イワテグンシズクイシチョウ', 3);
INSERT INTO "GreenLine_city" ("id", "code", "name", "kana", "prefecture_id") VALUES (244, '03302', '岩手郡葛巻町', 'イワテグンクズマキマチ', 3);
INSERT INTO "GreenLine_city" ("id", "code", "name", "kana", "prefecture_id") VALUES (245, '03303', '岩手郡岩手町', 'イワテグンイワテマチ', 3);
INSERT INTO "GreenLine_city" ("id", "code", "name", "kana", "prefecture_id") VALUES (246, '03321', '紫波郡紫波町', 'シワグンシワチョウ', 3);
INSERT INTO "GreenLine_city" ("id", "code", "name", "kana", "prefecture_id") VALUES (247, '03322', '紫波郡矢巾町', 'シワグンヤハバチョウ', 3);
INSERT INTO "GreenLine_city" ("id", "code", "name", "kana", "prefecture_id") VALUES (248, '03366', '和賀郡西和賀町', 'ワガグンニシワガマチ', 3);
INSERT INTO "GreenLine_city" ("id", "code", "name", "kana", "prefecture_id") VALUES (249, '03381', '胆沢郡金ケ崎町', 'イサワグンカネガサキチョウ', 3);
INSERT INTO "GreenLine_city" ("id", "code", "name", "kana", "prefecture_id") VALUES (250, '03402', '西磐井郡平泉町', 'ニシイワイグンヒライズミチョウ', 3);
INSERT INTO "GreenLine_city" ("id", "code", "name", "kana", "prefecture_id") VALUES (251, '03441', '気仙郡住田町', 'ケセングンスミタチョウ', 3);
INSERT INTO "GreenLine_city" ("id", "code", "name", "kana", "prefecture_id") VALUES (252, '03461', '上閉伊郡大槌町', 'カミヘイグンオオツチチョウ', 3);
INSERT INTO "GreenLine_city" ("id", "code", "name", "kana", "prefecture_id") VALUES (253, '03482', '下閉伊郡山田町', 'シモヘイグンヤマダマチ', 3);
INSERT INTO "GreenLine_city" ("id", "code", "name", "kana", "prefecture_id") VALUES (254, '03483', '下閉伊郡岩泉町', 'シモヘイグンイワイズミチョウ', 3);
INSERT INTO "GreenLine_city" ("id", "code", "name", "kana", "prefecture_id") VALUES (255, '03484', '下閉伊郡田野畑村', 'シモヘイグンタノハタムラ', 3);
INSERT INTO "GreenLine_city" ("id", "code", "name", "kana", "prefecture_id") VALUES (256, '03485', '下閉伊郡普代村', 'シモヘイグンフダイムラ', 3);
INSERT INTO "GreenLine_city" ("id", "code", "name", "kana", "prefecture_id") VALUES (257, '03501', '九戸郡軽米町', 'クノヘグンカルマイマチ', 3);
INSERT INTO "GreenLine_city" ("id", "code", "name", "kana", "prefecture_id") VALUES (258, '03503', '九戸郡野田村', 'クノヘグンノダムラ', 3);
INSERT INTO "GreenLine_city" ("id", "code", "name", "kana", "prefecture_id") VALUES (259, '03506', '九戸郡九戸村', 'クノヘグンクノヘムラ', 3);
INSERT INTO "GreenLine_city" ("id", "code", "name", "kana", "prefecture_id") VALUES (260, '03507', '九戸郡洋野町', 'クノヘグンヒロノチョウ', 3);
INSERT INTO "GreenLine_city" ("id", "code", "name", "kana", "prefecture_id") VALUES (261, '03524', '二戸郡一戸町', 'ニノヘグンイチノヘマチ', 3);
INSERT INTO "GreenLine_city" ("id", "code", "name", "kana", "prefecture_id") VALUES (262, '04101', '仙台市青葉区', 'センダイシアオバク', 4);
INSERT INTO "GreenLine_city" ("id", "code", "name", "kana", "prefecture_id") VALUES (263, '04102', '仙台市宮城野区', 'センダイシミヤギノク', 4);
INSERT INTO "GreenLine_city" ("id", "code", "name", "kana", "prefecture_id") VALUES (264, '04103', '仙台市若林区', 'センダイシワカバヤシク', 4);
INSERT INTO "GreenLine_city" ("id", "code", "name", "kana", "prefecture_id") VALUES (265, '04104', '仙台市太白区', 'センダイシタイハクク', 4);
INSERT INTO "GreenLine_city" ("id", "code", "name", "kana", "prefecture_id") VALUES (266, '04105', '仙台市泉区', 'センダイシイズミク', 4);
INSERT INTO "GreenLine_city" ("id", "code", "name", "kana", "prefecture_id") VALUES (267, '04202', '石巻市', 'イシノマキシ', 4);
INSERT INTO "GreenLine_city" ("id", "code", "name", "kana", "prefecture_id") VALUES (268, '04203', '塩竈市', 'シオガマシ', 4);
INSERT INTO "GreenLine_city" ("id", "code", "name", "kana", "prefecture_id") VALUES (269, '04205', '気仙沼市', 'ケセンヌマシ', 4);
INSERT INTO "GreenLine_city" ("id", "code", "name", "kana", "prefecture_id") VALUES (270, '04206', '白石市', 'シロイシシ', 4);
INSERT INTO "GreenLine_city" ("id", "code", "name", "kana", "prefecture_id") VALUES (271, '04207', '名取市', 'ナトリシ', 4);
INSERT INTO "GreenLine_city" ("id", "code", "name", "kana", "prefecture_id") VALUES (272, '04208', '角田市', 'カクダシ', 4);
INSERT INTO "GreenLine_city" ("id", "code", "name", "kana", "prefecture_id") VALUES (273, '04209', '多賀城市', 'タガジョウシ', 4);
INSERT INTO "GreenLine_city" ("id", "code", "name", "kana", "prefecture_id") VALUES (274, '04211', '岩沼市', 'イワヌマシ', 4);
INSERT INTO "GreenLine_city" ("id", "code", "name", "kana", "prefecture_id") VALUES (275, '04212', '登米市', 'トメシ', 4);
INSERT INTO "GreenLine_city" ("id", "code", "name", "kana", "prefecture_id") VALUES (276, '04213', '栗原市', 'クリハラシ', 4);
INSERT INTO "GreenLine_city" ("id", "code", "name", "kana", "prefecture_id") VALUES (277, '04214', '東松島市', 'ヒガシマツシマシ', 4);
INSERT INTO "GreenLine_city" ("id", "code", "name", "kana", "prefecture_id") VALUES (278, '04215', '大崎市', 'オオサキシ', 4);
INSERT INTO "GreenLine_city" ("id", "code", "name", "kana", "prefecture_id") VALUES (279, '04216', '富谷市', 'トミヤシ', 4);
INSERT INTO "GreenLine_city" ("id", "code", "name", "kana", "prefecture_id") VALUES (280, '04301', '刈田郡蔵王町', 'カッタグンザオウマチ', 4);
INSERT INTO "GreenLine_city" ("id", "code", "name", "kana", "prefecture_id") VALUES (281, '04302', '刈田郡七ヶ宿町', 'カッタグンシチカシュクマチ', 4);
INSERT INTO "GreenLine_city" ("id", "code", "name", "kana", "prefecture_id") VALUES (282, '04321', '柴田郡大河原町', 'シバタグンオオガワラマチ', 4);
INSERT INTO "GreenLine_city" ("id", "code", "name", "kana", "prefecture_id") VALUES (283, '04322', '柴田郡村田町', 'シバタグンムラタマチ', 4);
INSERT INTO "GreenLine_city" ("id", "code", "name", "kana", "prefecture_id") VALUES (284, '04323', '柴田郡柴田町', 'シバタグンシバタマチ', 4);
INSERT INTO "GreenLine_city" ("id", "code", "name", "kana", "prefecture_id") VALUES (285, '04324', '柴田郡川崎町', 'シバタグンカワサキマチ', 4);
INSERT INTO "GreenLine_city" ("id", "code", "name", "kana", "prefecture_id") VALUES (286, '04341', '伊具郡丸森町', 'イググンマルモリマチ', 4);
INSERT INTO "GreenLine_city" ("id", "code", "name", "kana", "prefecture_id") VALUES (287, '04361', '亘理郡亘理町', 'ワタリグンワタリチョウ', 4);
INSERT INTO "GreenLine_city" ("id", "code", "name", "kana", "prefecture_id") VALUES (288, '04362', '亘理郡山元町', 'ワタリグンヤマモトチョウ', 4);
INSERT INTO "GreenLine_city" ("id", "code", "name", "kana", "prefecture_id") VALUES (289, '04401', '宮城郡松島町', 'ミヤギグンマツシママチ', 4);
INSERT INTO "GreenLine_city" ("id", "code", "name", "kana", "prefecture_id") VALUES (290, '04404', '宮城郡七ヶ浜町', 'ミヤギグンシチガハママチ', 4);
INSERT INTO "GreenLine_city" ("id", "code", "name", "kana", "prefecture_id") VALUES (291, '04406', '宮城郡利府町', 'ミヤギグンリフチョウ', 4);
INSERT INTO "GreenLine_city" ("id", "code", "name", "kana", "prefecture_id") VALUES (292, '04421', '黒川郡大和町', 'クロカワグンタイワチョウ', 4);
INSERT INTO "GreenLine_city" ("id", "code", "name", "kana", "prefecture_id") VALUES (293, '04422', '黒川郡大郷町', 'クロカワグンオオサトチョウ', 4);
INSERT INTO "GreenLine_city" ("id", "code", "name", "kana", "prefecture_id") VALUES (294, '04424', '黒川郡大衡村', 'クロカワグンオオヒラムラ', 4);
INSERT INTO "GreenLine_city" ("id", "code", "name", "kana", "prefecture_id") VALUES (295, '04444', '加美郡色麻町', 'カミグンシカマチョウ', 4);
INSERT INTO "GreenLine_city" ("id", "code", "name", "kana", "prefecture_id") VALUES (296, '04445', '加美郡加美町', 'カミグンカミマチ', 4);
INSERT INTO "GreenLine_city" ("id", "code", "name", "kana", "prefecture_id") VALUES (297, '04501', '遠田郡涌谷町', 'トオダグンワクヤチョウ', 4);
INSERT INTO "GreenLine_city" ("id", "code", "name", "kana", "prefecture_id") VALUES (298, '04505', '遠田郡美里町', 'トオダグンミサトマチ', 4);
INSERT INTO "GreenLine_city" ("id", "code", "name", "kana", "prefecture_id") VALUES (299, '04581', '牡鹿郡女川町', 'オシカグンオナガワチョウ', 4);
INSERT INTO "GreenLine_city" ("id", "code", "name", "kana", "prefecture_id") VALUES (300, '04606', '本吉郡南三陸町', 'モトヨシグンミナミサンリクチョウ', 4);
INSERT INTO "GreenLine_city" ("id", "code", "name", "kana", "prefecture_id") VALUES (301, '05201', '秋田市', 'アキタシ', 5);
INSERT INTO "GreenLine_city" ("id", "code", "name", "kana", "prefecture_id") VALUES (302, '05202', '能代市', 'ノシロシ', 5);
INSERT INTO "GreenLine_city" ("id", "code", "name", "kana", "prefecture_id") VALUES (303, '05203', '横手市', 'ヨコテシ', 5);
INSERT INTO "GreenLine_city" ("id", "code", "name", "kana", "prefecture_id") VALUES (304, '05204', '大館市', 'オオダテシ', 5);
INSERT INTO "GreenLine_city" ("id", "code", "name", "kana", "prefecture_id") VALUES (305, '05206', '男鹿市', 'オガシ', 5);
INSERT INTO "GreenLine_city" ("id", "code", "name", "kana", "prefecture_id") VALUES (306, '05207', '湯沢市', 'ユザワシ', 5);
INSERT INTO "GreenLine_city" ("id", "code", "name", "kana", "prefecture_id") VALUES (307, '05209', '鹿角市', 'カヅノシ', 5);
INSERT INTO "GreenLine_city" ("id", "code", "name", "kana", "prefecture_id") VALUES (308, '05210', '由利本荘市', 'ユリホンジョウシ', 5);
INSERT INTO "GreenLine_city" ("id", "code", "name", "kana", "prefecture_id") VALUES (309, '05211', '潟上市', 'カタガミシ', 5);
INSERT INTO "GreenLine_city" ("id", "code", "name", "kana", "prefecture_id") VALUES (310, '05212', '大仙市', 'ダイセンシ', 5);
INSERT INTO "GreenLine_city" ("id", "code", "name", "kana", "prefecture_id") VALUES (311, '05213', '北秋田市', 'キタアキタシ', 5);
INSERT INTO "GreenLine_city" ("id", "code", "name", "kana", "prefecture_id") VALUES (312, '05214', 'にかほ市', 'ニカホシ', 5);
INSERT INTO "GreenLine_city" ("id", "code", "name", "kana", "prefecture_id") VALUES (313, '05215', '仙北市', 'センボクシ', 5);
INSERT INTO "GreenLine_city" ("id", "code", "name", "kana", "prefecture_id") VALUES (314, '05303', '鹿角郡小坂町', 'カヅノグンコサカマチ', 5);
INSERT INTO "GreenLine_city" ("id", "code", "name", "kana", "prefecture_id") VALUES (315, '05327', '北秋田郡上小阿仁村', 'キタアキタグンカミコアニムラ', 5);
INSERT INTO "GreenLine_city" ("id", "code", "name", "kana", "prefecture_id") VALUES (316, '05346', '山本郡藤里町', 'ヤマモトグンフジサトマチ', 5);
INSERT INTO "GreenLine_city" ("id", "code", "name", "kana", "prefecture_id") VALUES (317, '05348', '山本郡三種町', 'ヤマモトグンミタネチョウ', 5);
INSERT INTO "GreenLine_city" ("id", "code", "name", "kana", "prefecture_id") VALUES (318, '05349', '山本郡八峰町', 'ヤマモトグンハッポウチョウ', 5);
INSERT INTO "GreenLine_city" ("id", "code", "name", "kana", "prefecture_id") VALUES (319, '05361', '南秋田郡五城目町', 'ミナミアキタグンゴジョウメマチ', 5);
INSERT INTO "GreenLine_city" ("id", "code", "name", "kana", "prefecture_id") VALUES (320, '05363', '南秋田郡八郎潟町', 'ミナミアキタグンハチロウガタマチ', 5);
INSERT INTO "GreenLine_city" ("id", "code", "name", "kana", "prefecture_id") VALUES (321, '05366', '南秋田郡井川町', 'ミナミアキタグンイカワマチ', 5);
INSERT INTO "GreenLine_city" ("id", "code", "name", "kana", "prefecture_id") VALUES (322, '05368', '南秋田郡大潟村', 'ミナミアキタグンオオガタムラ', 5);
INSERT INTO "GreenLine_city" ("id", "code", "name", "kana", "prefecture_id") VALUES (323, '05434', '仙北郡美郷町', 'センボクグンミサトチョウ', 5);
INSERT INTO "GreenLine_city" ("id", "code", "name", "kana", "prefecture_id") VALUES (324, '05463', '雄勝郡羽後町', 'オガチグンウゴマチ', 5);
INSERT INTO "GreenLine_city" ("id", "code", "name", "kana", "prefecture_id") VALUES (325, '05464', '雄勝郡東成瀬村', 'オガチグンヒガシナルセムラ', 5);
INSERT INTO "GreenLine_city" ("id", "code", "name", "kana", "prefecture_id") VALUES (326, '06201', '山形市', 'ヤマガタシ', 6);
INSERT INTO "GreenLine_city" ("id", "code", "name", "kana", "prefecture_id") VALUES (327, '06202', '米沢市', 'ヨネザワシ', 6);
INSERT INTO "GreenLine_city" ("id", "code", "name", "kana", "prefecture_id") VALUES (328, '06203', '鶴岡市', 'ツルオカシ', 6);
INSERT INTO "GreenLine_city" ("id", "code", "name", "kana", "prefecture_id") VALUES (329, '06204', '酒田市', 'サカタシ', 6);
INSERT INTO "GreenLine_city" ("id", "code", "name", "kana", "prefecture_id") VALUES (330, '06205', '新庄市', 'シンジョウシ', 6);
INSERT INTO "GreenLine_city" ("id", "code", "name", "kana", "prefecture_id") VALUES (331, '06206', '寒河江市', 'サガエシ', 6);
INSERT INTO "GreenLine_city" ("id", "code", "name", "kana", "prefecture_id") VALUES (332, '06207', '上山市', 'カミノヤマシ', 6);
INSERT INTO "GreenLine_city" ("id", "code", "name", "kana", "prefecture_id") VALUES (333, '06208', '村山市', 'ムラヤマシ', 6);
INSERT INTO "GreenLine_city" ("id", "code", "name", "kana", "prefecture_id") VALUES (334, '06209', '長井市', 'ナガイシ', 6);
INSERT INTO "GreenLine_city" ("id", "code", "name", "kana", "prefecture_id") VALUES (335, '06210', '天童市', 'テンドウシ', 6);
INSERT INTO "GreenLine_city" ("id", "code", "name", "kana", "prefecture_id") VALUES (336, '06211', '東根市', 'ヒガシネシ', 6);
INSERT INTO "GreenLine_city" ("id", "code", "name", "kana", "prefecture_id") VALUES (337, '06212', '尾花沢市', 'オバナザワシ', 6);
INSERT INTO "GreenLine_city" ("id", "code", "name", "kana", "prefecture_id") VALUES (338, '06213', '南陽市', 'ナンヨウシ', 6);
INSERT INTO "GreenLine_city" ("id", "code", "name", "kana", "prefecture_id") VALUES (339, '06301', '東村山郡山辺町', 'ヒガシムラヤマグンヤマノベマチ', 6);
INSERT INTO "GreenLine_city" ("id", "code", "name", "kana", "prefecture_id") VALUES (340, '06302', '東村山郡中山町', 'ヒガシムラヤマグンナカヤママチ', 6);
INSERT INTO "GreenLine_city" ("id", "code", "name", "kana", "prefecture_id") VALUES (341, '06321', '西村山郡河北町', 'ニシムラヤマグンカホクチョウ', 6);
INSERT INTO "GreenLine_city" ("id", "code", "name", "kana", "prefecture_id") VALUES (342, '06322', '西村山郡西川町', 'ニシムラヤマグンニシカワマチ', 6);
INSERT INTO "GreenLine_city" ("id", "code", "name", "kana", "prefecture_id") VALUES (343, '06323', '西村山郡朝日町', 'ニシムラヤマグンアサヒマチ', 6);
INSERT INTO "GreenLine_city" ("id", "code", "name", "kana", "prefecture_id") VALUES (344, '06324', '西村山郡大江町', 'ニシムラヤマグンオオエマチ', 6);
INSERT INTO "GreenLine_city" ("id", "code", "name", "kana", "prefecture_id") VALUES (345, '06341', '北村山郡大石田町', 'キタムラヤマグンオオイシダマチ', 6);
INSERT INTO "GreenLine_city" ("id", "code", "name", "kana", "prefecture_id") VALUES (346, '06361', '最上郡金山町', 'モガミグンカネヤママチ', 6);
INSERT INTO "GreenLine_city" ("id", "code", "name", "kana", "prefecture_id") VALUES (347, '06362', '最上郡最上町', 'モガミグンモガミマチ', 6);
INSERT INTO "GreenLine_city" ("id", "code", "name", "kana", "prefecture_id") VALUES (348, '06363', '最上郡舟形町', 'モガミグンフナガタマチ', 6);
INSERT INTO "GreenLine_city" ("id", "code", "name", "kana", "prefecture_id") VALUES (349, '06364', '最上郡真室川町', 'モガミグンマムロガワマチ', 6);
INSERT INTO "GreenLine_city" ("id", "code", "name", "kana", "prefecture_id") VALUES (350, '06365', '最上郡大蔵村', 'モガミグンオオクラムラ', 6);
INSERT INTO "GreenLine_city" ("id", "code", "name", "kana", "prefecture_id") VALUES (351, '06366', '最上郡鮭川村', 'モガミグンサケガワムラ', 6);
INSERT INTO "GreenLine_city" ("id", "code", "name", "kana", "prefecture_id") VALUES (352, '06367', '最上郡戸沢村', 'モガミグントザワムラ', 6);
INSERT INTO "GreenLine_city" ("id", "code", "name", "kana", "prefecture_id") VALUES (353, '06381', '東置賜郡高畠町', 'ヒガシオキタマグンタカハタマチ', 6);
INSERT INTO "GreenLine_city" ("id", "code", "name", "kana", "prefecture_id") VALUES (354, '06382', '東置賜郡川西町', 'ヒガシオキタマグンカワニシマチ', 6);
INSERT INTO "GreenLine_city" ("id", "code", "name", "kana", "prefecture_id") VALUES (355, '06401', '西置賜郡小国町', 'ニシオキタマグンオグニマチ', 6);
INSERT INTO "GreenLine_city" ("id", "code", "name", "kana", "prefecture_id") VALUES (356, '06402', '西置賜郡白鷹町', 'ニシオキタマグンシラタカマチ', 6);
INSERT INTO "GreenLine_city" ("id", "code", "name", "kana", "prefecture_id") VALUES (357, '06403', '西置賜郡飯豊町', 'ニシオキタマグンイイデマチ', 6);
INSERT INTO "GreenLine_city" ("id", "code", "name", "kana", "prefecture_id") VALUES (358, '06426', '東田川郡三川町', 'ヒガシタガワグンミカワマチ', 6);
INSERT INTO "GreenLine_city" ("id", "code", "name", "kana", "prefecture_id") VALUES (359, '06428', '東田川郡庄内町', 'ヒガシタガワグンショウナイマチ', 6);
INSERT INTO "GreenLine_city" ("id", "code", "name", "kana", "prefecture_id") VALUES (360, '06461', '飽海郡遊佐町', 'アクミグンユザマチ', 6);
INSERT INTO "GreenLine_city" ("id", "code", "name", "kana", "prefecture_id") VALUES (361, '07201', '福島市', 'フクシマシ', 7);
INSERT INTO "GreenLine_city" ("id", "code", "name", "kana", "prefecture_id") VALUES (362, '07202', '会津若松市', 'アイヅワカマツシ', 7);
INSERT INTO "GreenLine_city" ("id", "code", "name", "kana", "prefecture_id") VALUES (363, '07203', '郡山市', 'コオリヤマシ', 7);
INSERT INTO "GreenLine_city" ("id", "code", "name", "kana", "prefecture_id") VALUES (364, '07204', 'いわき市', 'イワキシ', 7);
INSERT INTO "GreenLine_city" ("id", "code", "name", "kana", "prefecture_id") VALUES (365, '07205', '白河市', 'シラカワシ', 7);
INSERT INTO "GreenLine_city" ("id", "code", "name", "kana", "prefecture_id") VALUES (366, '07207', '須賀川市', 'スカガワシ', 7);
INSERT INTO "GreenLine_city" ("id", "code", "name", "kana", "prefecture_id") VALUES (367, '07208', '喜多方市', 'キタカタシ', 7);
INSERT INTO "GreenLine_city" ("id", "code", "name", "kana", "prefecture_id") VALUES (368, '07209', '相馬市', 'ソウマシ', 7);
INSERT INTO "GreenLine_city" ("id", "code", "name", "kana", "prefecture_id") VALUES (369, '07210', '二本松市', 'ニホンマツシ', 7);
INSERT INTO "GreenLine_city" ("id", "code", "name", "kana", "prefecture_id") VALUES (370, '07211', '田村市', 'タムラシ', 7);
INSERT INTO "GreenLine_city" ("id", "code", "name", "kana", "prefecture_id") VALUES (371, '07212', '南相馬市', 'ミナミソウマシ', 7);
INSERT INTO "GreenLine_city" ("id", "code", "name", "kana", "prefecture_id") VALUES (372, '07213', '伊達市', 'ダテシ', 7);
INSERT INTO "GreenLine_city" ("id", "code", "name", "kana", "prefecture_id") VALUES (373, '07214', '本宮市', 'モトミヤシ', 7);
INSERT INTO "GreenLine_city" ("id", "code", "name", "kana", "prefecture_id") VALUES (374, '07301', '伊達郡桑折町', 'ダテグンコオリマチ', 7);
INSERT INTO "GreenLine_city" ("id", "code", "name", "kana", "prefecture_id") VALUES (375, '07303', '伊達郡国見町', 'ダテグンクニミマチ', 7);
INSERT INTO "GreenLine_city" ("id", "code", "name", "kana", "prefecture_id") VALUES (376, '07308', '伊達郡川俣町', 'ダテグンカワマタマチ', 7);
INSERT INTO "GreenLine_city" ("id", "code", "name", "kana", "prefecture_id") VALUES (377, '07322', '安達郡大玉村', 'アダチグンオオタマムラ', 7);
INSERT INTO "GreenLine_city" ("id", "code", "name", "kana", "prefecture_id") VALUES (378, '07342', '岩瀬郡鏡石町', 'イワセグンカガミイシマチ', 7);
INSERT INTO "GreenLine_city" ("id", "code", "name", "kana", "prefecture_id") VALUES (379, '07344', '岩瀬郡天栄村', 'イワセグンテンエイムラ', 7);
INSERT INTO "GreenLine_city" ("id", "code", "name", "kana", "prefecture_id") VALUES (380, '07362', '南会津郡下郷町', 'ミナミアイヅグンシモゴウマチ', 7);
INSERT INTO "GreenLine_city" ("id", "code", "name", "kana", "prefecture_id") VALUES (381, '07364', '南会津郡檜枝岐村', 'ミナミアイヅグンヒノエマタムラ', 7);
INSERT INTO "GreenLine_city" ("id", "code", "name", "kana", "prefecture_id") VALUES (382, '07367', '南会津郡只見町', 'ミナミアイヅグンタダミマチ', 7);
INSERT INTO "GreenLine_city" ("id", "code", "name", "kana", "prefecture_id") VALUES (383, '07368', '南会津郡南会津町', 'ミナミアイヅグンミナミアイヅマチ', 7);
INSERT INTO "GreenLine_city" ("id", "code", "name", "kana", "prefecture_id") VALUES (384, '07402', '耶麻郡北塩原村', 'ヤマグンキタシオバラムラ', 7);
INSERT INTO "GreenLine_city" ("id", "code", "name", "kana", "prefecture_id") VALUES (385, '07405', '耶麻郡西会津町', 'ヤマグンニシアイヅマチ', 7);
INSERT INTO "GreenLine_city" ("id", "code", "name", "kana", "prefecture_id") VALUES (386, '07407', '耶麻郡磐梯町', 'ヤマグンバンダイマチ', 7);
INSERT INTO "GreenLine_city" ("id", "code", "name", "kana", "prefecture_id") VALUES (387, '07408', '耶麻郡猪苗代町', 'ヤマグンイナワシロマチ', 7);
INSERT INTO "GreenLine_city" ("id", "code", "name", "kana", "prefecture_id") VALUES (388, '07421', '河沼郡会津坂下町', 'カワヌマグンアイヅバンゲマチ', 7);
INSERT INTO "GreenLine_city" ("id", "code", "name", "kana", "prefecture_id") VALUES (389, '07422', '河沼郡湯川村', 'カワヌマグンユガワムラ', 7);
INSERT INTO "GreenLine_city" ("id", "code", "name", "kana", "prefecture_id") VALUES (390, '07423', '河沼郡柳津町', 'カワヌマグンヤナイヅマチ', 7);
INSERT INTO "GreenLine_city" ("id", "code", "name", "kana", "prefecture_id") VALUES (391, '07444', '大沼郡三島町', 'オオヌマグンミシママチ', 7);
INSERT INTO "GreenLine_city" ("id", "code", "name", "kana", "prefecture_id") VALUES (392, '07445', '大沼郡金山町', 'オオヌマグンカネヤママチ', 7);
INSERT INTO "GreenLine_city" ("id", "code", "name", "kana", "prefecture_id") VALUES (393, '07446', '大沼郡昭和村', 'オオヌマグンショウワムラ', 7);
INSERT INTO "GreenLine_city" ("id", "code", "name", "kana", "prefecture_id") VALUES (394, '07447', '大沼郡会津美里町', 'オオヌマグンアイヅミサトマチ', 7);
INSERT INTO "GreenLine_city" ("id", "code", "name", "kana", "prefecture_id") VALUES (395, '07461', '西白河郡西郷村', 'ニシシラカワグンニシゴウムラ', 7);
INSERT INTO "GreenLine_city" ("id", "code", "name", "kana", "prefecture_id") VALUES (396, '07464', '西白河郡泉崎村', 'ニシシラカワグンイズミザキムラ', 7);
INSERT INTO "GreenLine_city" ("id", "code", "name", "kana", "prefecture_id") VALUES (397, '07465', '西白河郡中島村', 'ニシシラカワグンナカジマムラ', 7);
INSERT INTO "GreenLine_city" ("id", "code", "name", "kana", "prefecture_id") VALUES (398, '07466', '西白河郡矢吹町', 'ニシシラカワグンヤブキマチ', 7);
INSERT INTO "GreenLine_city" ("id", "code", "name", "kana", "prefecture_id") VALUES (399, '07481', '東白川郡棚倉町', 'ヒガシシラカワグンタナグラマチ', 7);
INSERT INTO "GreenLine_city" ("id", "code", "name", "kana", "prefecture_id") VALUES (400, '07482', '東白川郡矢祭町', 'ヒガシシラカワグンヤマツリマチ', 7);
INSERT INTO "GreenLine_city" ("id", "code", "name", "kana", "prefecture_id") VALUES (401, '07483', '東白川郡塙町', 'ヒガシシラカワグンハナワマチ', 7);
INSERT INTO "GreenLine_city" ("id", "code", "name", "kana", "prefecture_id") VALUES (402, '07484', '東白川郡鮫川村', 'ヒガシシラカワグンサメガワムラ', 7);
INSERT INTO "GreenLine_city" ("id", "code", "name", "kana", "prefecture_id") VALUES (403, '07501', '石川郡石川町', 'イシカワグンイシカワマチ', 7);
INSERT INTO "GreenLine_city" ("id", "code", "name", "kana", "prefecture_id") VALUES (404, '07502', '石川郡玉川村', 'イシカワグンタマカワムラ', 7);
INSERT INTO "GreenLine_city" ("id", "code", "name", "kana", "prefecture_id") VALUES (405, '07503', '石川郡平田村', 'イシカワグンヒラタムラ', 7);
INSERT INTO "GreenLine_city" ("id", "code", "name", "kana", "prefecture_id") VALUES (406, '07504', '石川郡浅川町', 'イシカワグンアサカワマチ', 7);
INSERT INTO "GreenLine_city" ("id", "code", "name", "kana", "prefecture_id") VALUES (407, '07505', '石川郡古殿町', 'イシカワグンフルドノマチ', 7);
INSERT INTO "GreenLine_city" ("id", "code", "name", "kana", "prefecture_id") VALUES (408, '07521', '田村郡三春町', 'タムラグンミハルマチ', 7);
INSERT INTO "GreenLine_city" ("id", "code", "name", "kana", "prefecture_id") VALUES (409, '07522', '田村郡小野町', 'タムラグンオノマチ', 7);
INSERT INTO "GreenLine_city" ("id", "code", "name", "kana", "prefecture_id") VALUES (410, '07541', '双葉郡広野町', 'フタバグンヒロノマチ', 7);
INSERT INTO "GreenLine_city" ("id", "code", "name", "kana", "prefecture_id") VALUES (411, '07542', '双葉郡楢葉町', 'フタバグンナラハマチ', 7);
INSERT INTO "GreenLine_city" ("id", "code", "name", "kana", "prefecture_id") VALUES (412, '07543', '双葉郡富岡町', 'フタバグントミオカマチ', 7);
INSERT INTO "GreenLine_city" ("id", "code", "name", "kana", "prefecture_id") VALUES (413, '07544', '双葉郡川内村', 'フタバグンカワウチムラ', 7);
INSERT INTO "GreenLine_city" ("id", "code", "name", "kana", "prefecture_id") VALUES (414, '07545', '双葉郡大熊町', 'フタバグンオオクママチ', 7);
INSERT INTO "GreenLine_city" ("id", "code", "name", "kana", "prefecture_id") VALUES (415, '07546', '双葉郡双葉町', 'フタバグンフタバマチ', 7);
INSERT INTO "GreenLine_city" ("id", "code", "name", "kana", "prefecture_id") VALUES (416, '07547', '双葉郡浪江町', 'フタバグンナミエマチ', 7);
INSERT INTO "GreenLine_city" ("id", "code", "name", "kana", "prefecture_id") VALUES (417, '07548', '双葉郡葛尾村', 'フタバグンカツラオムラ', 7);
INSERT INTO "GreenLine_city" ("id", "code", "name", "kana", "prefecture_id") VALUES (418, '07561', '相馬郡新地町', 'ソウマグンシンチマチ', 7);
INSERT INTO "GreenLine_city" ("id", "code", "name", "kana", "prefecture_id") VALUES (419, '07564', '相馬郡飯舘村', 'ソウマグンイイタテムラ', 7);
INSERT INTO "GreenLine_city" ("id", "code", "name", "kana", "prefecture_id") VALUES (420, '08201', '水戸市', 'ミトシ', 8);
INSERT INTO "GreenLine_city" ("id", "code", "name", "kana", "prefecture_id") VALUES (421, '08202', '日立市', 'ヒタチシ', 8);
INSERT INTO "GreenLine_city" ("id", "code", "name", "kana", "prefecture_id") VALUES (422, '08203', '土浦市', 'ツチウラシ', 8);
INSERT INTO "GreenLine_city" ("id", "code", "name", "kana", "prefecture_id") VALUES (423, '08204', '古河市', 'コガシ', 8);
INSERT INTO "GreenLine_city" ("id", "code", "name", "kana", "prefecture_id") VALUES (424, '08205', '石岡市', 'イシオカシ', 8);
INSERT INTO "GreenLine_city" ("id", "code", "name", "kana", "prefecture_id") VALUES (425, '08207', '結城市', 'ユウキシ', 8);
INSERT INTO "GreenLine_city" ("id", "code", "name", "kana", "prefecture_id") VALUES (426, '08208', '龍ケ崎市', 'リュウガサキシ', 8);
INSERT INTO "GreenLine_city" ("id", "code", "name", "kana", "prefecture_id") VALUES (427, '08210', '下妻市', 'シモツマシ', 8);
INSERT INTO "GreenLine_city" ("id", "code", "name", "kana", "prefecture_id") VALUES (428, '08211', '常総市', 'ジョウソウシ', 8);
INSERT INTO "GreenLine_city" ("id", "code", "name", "kana", "prefecture_id") VALUES (429, '08212', '常陸太田市', 'ヒタチオオタシ', 8);
INSERT INTO "GreenLine_city" ("id", "code", "name", "kana", "prefecture_id") VALUES (430, '08214', '高萩市', 'タカハギシ', 8);
INSERT INTO "GreenLine_city" ("id", "code", "name", "kana", "prefecture_id") VALUES (431, '08215', '北茨城市', 'キタイバラキシ', 8);
INSERT INTO "GreenLine_city" ("id", "code", "name", "kana", "prefecture_id") VALUES (432, '08216', '笠間市', 'カサマシ', 8);
INSERT INTO "GreenLine_city" ("id", "code", "name", "kana", "prefecture_id") VALUES (433, '08217', '取手市', 'トリデシ', 8);
INSERT INTO "GreenLine_city" ("id", "code", "name", "kana", "prefecture_id") VALUES (434, '08219', '牛久市', 'ウシクシ', 8);
INSERT INTO "GreenLine_city" ("id", "code", "name", "kana", "prefecture_id") VALUES (435, '08220', 'つくば市', 'ツクバシ', 8);
INSERT INTO "GreenLine_city" ("id", "code", "name", "kana", "prefecture_id") VALUES (436, '08221', 'ひたちなか市', 'ヒタチナカシ', 8);
INSERT INTO "GreenLine_city" ("id", "code", "name", "kana", "prefecture_id") VALUES (437, '08222', '鹿嶋市', 'カシマシ', 8);
INSERT INTO "GreenLine_city" ("id", "code", "name", "kana", "prefecture_id") VALUES (438, '08223', '潮来市', 'イタコシ', 8);
INSERT INTO "GreenLine_city" ("id", "code", "name", "kana", "prefecture_id") VALUES (439, '08224', '守谷市', 'モリヤシ', 8);
INSERT INTO "GreenLine_city" ("id", "code", "name", "kana", "prefecture_id") VALUES (440, '08225', '常陸大宮市', 'ヒタチオオミヤシ', 8);
INSERT INTO "GreenLine_city" ("id", "code", "name", "kana", "prefecture_id") VALUES (441, '08226', '那珂市', 'ナカシ', 8);
INSERT INTO "GreenLine_city" ("id", "code", "name", "kana", "prefecture_id") VALUES (442, '08227', '筑西市', 'チクセイシ', 8);
INSERT INTO "GreenLine_city" ("id", "code", "name", "kana", "prefecture_id") VALUES (443, '08228', '坂東市', 'バンドウシ', 8);
INSERT INTO "GreenLine_city" ("id", "code", "name", "kana", "prefecture_id") VALUES (444, '08229', '稲敷市', 'イナシキシ', 8);
INSERT INTO "GreenLine_city" ("id", "code", "name", "kana", "prefecture_id") VALUES (445, '08230', 'かすみがうら市', 'カスミガウラシ', 8);
INSERT INTO "GreenLine_city" ("id", "code", "name", "kana", "prefecture_id") VALUES (446, '08231', '桜川市', 'サクラガワシ', 8);
INSERT INTO "GreenLine_city" ("id", "code", "name", "kana", "prefecture_id") VALUES (447, '08232', '神栖市', 'カミスシ', 8);
INSERT INTO "GreenLine_city" ("id", "code", "name", "kana", "prefecture_id") VALUES (448, '08233', '行方市', 'ナメガタシ', 8);
INSERT INTO "GreenLine_city" ("id", "code", "name", "kana", "prefecture_id") VALUES (449, '08234', '鉾田市', 'ホコタシ', 8);
INSERT INTO "GreenLine_city" ("id", "code", "name", "kana", "prefecture_id") VALUES (450, '08235', 'つくばみらい市', 'ツクバミライシ', 8);
INSERT INTO "GreenLine_city" ("id", "code", "name", "kana", "prefecture_id") VALUES (451, '08236', '小美玉市', 'オミタマシ', 8);
INSERT INTO "GreenLine_city" ("id", "code", "name", "kana", "prefecture_id") VALUES (452, '08302', '東茨城郡茨城町', 'ヒガシイバラキグンイバラキマチ', 8);
INSERT INTO "GreenLine_city" ("id", "code", "name", "kana", "prefecture_id") VALUES (453, '08309', '東茨城郡大洗町', 'ヒガシイバラキグンオオアライマチ', 8);
INSERT INTO "GreenLine_city" ("id", "code", "name", "kana", "prefecture_id") VALUES (454, '08310', '東茨城郡城里町', 'ヒガシイバラキグンシロサトマチ', 8);
INSERT INTO "GreenLine_city" ("id", "code", "name", "kana", "prefecture_id") VALUES (455, '08341', '那珂郡東海村', 'ナカグントウカイムラ', 8);
INSERT INTO "GreenLine_city" ("id", "code", "name", "kana", "prefecture_id") VALUES (456, '08364', '久慈郡大子町', 'クジグンダイゴマチ', 8);
INSERT INTO "GreenLine_city" ("id", "code", "name", "kana", "prefecture_id") VALUES (457, '08442', '稲敷郡美浦村', 'イナシキグンミホムラ', 8);
INSERT INTO "GreenLine_city" ("id", "code", "name", "kana", "prefecture_id") VALUES (458, '08443', '稲敷郡阿見町', 'イナシキグンアミマチ', 8);
INSERT INTO "GreenLine_city" ("id", "code", "name", "kana", "prefecture_id") VALUES (459, '08447', '稲敷郡河内町', 'イナシキグンカワチマチ', 8);
INSERT INTO "GreenLine_city" ("id", "code", "name", "kana", "prefecture_id") VALUES (460, '08521', '結城郡八千代町', 'ユウキグンヤチヨマチ', 8);
INSERT INTO "GreenLine_city" ("id", "code", "name", "kana", "prefecture_id") VALUES (461, '08542', '猿島郡五霞町', 'サシマグンゴカマチ', 8);
INSERT INTO "GreenLine_city" ("id", "code", "name", "kana", "prefecture_id") VALUES (462, '08546', '猿島郡境町', 'サシマグンサカイマチ', 8);
INSERT INTO "GreenLine_city" ("id", "code", "name", "kana", "prefecture_id") VALUES (463, '08564', '北相馬郡利根町', 'キタソウマグントネマチ', 8);
INSERT INTO "GreenLine_city" ("id", "code", "name", "kana", "prefecture_id") VALUES (464, '09201', '宇都宮市', 'ウツノミヤシ', 9);
INSERT INTO "GreenLine_city" ("id", "code", "name", "kana", "prefecture_id") VALUES (465, '09202', '足利市', 'アシカガシ', 9);
INSERT INTO "GreenLine_city" ("id", "code", "name", "kana", "prefecture_id") VALUES (466, '09203', '栃木市', 'トチギシ', 9);
INSERT INTO "GreenLine_city" ("id", "code", "name", "kana", "prefecture_id") VALUES (467, '09204', '佐野市', 'サノシ', 9);
INSERT INTO "GreenLine_city" ("id", "code", "name", "kana", "prefecture_id") VALUES (468, '09205', '鹿沼市', 'カヌマシ', 9);
INSERT INTO "GreenLine_city" ("id", "code", "name", "kana", "prefecture_id") VALUES (469, '09206', '日光市', 'ニッコウシ', 9);
INSERT INTO "GreenLine_city" ("id", "code", "name", "kana", "prefecture_id") VALUES (470, '09208', '小山市', 'オヤマシ', 9);
INSERT INTO "GreenLine_city" ("id", "code", "name", "kana", "prefecture_id") VALUES (471, '09209', '真岡市', 'モオカシ', 9);
INSERT INTO "GreenLine_city" ("id", "code", "name", "kana", "prefecture_id") VALUES (472, '09210', '大田原市', 'オオタワラシ', 9);
INSERT INTO "GreenLine_city" ("id", "code", "name", "kana", "prefecture_id") VALUES (473, '09211', '矢板市', 'ヤイタシ', 9);
INSERT INTO "GreenLine_city" ("id", "code", "name", "kana", "prefecture_id") VALUES (474, '09213', '那須塩原市', 'ナスシオバラシ', 9);
INSERT INTO "GreenLine_city" ("id", "code", "name", "kana", "prefecture_id") VALUES (475, '09214', 'さくら市', 'サクラシ', 9);
INSERT INTO "GreenLine_city" ("id", "code", "name", "kana", "prefecture_id") VALUES (476, '09215', '那須烏山市', 'ナスカラスヤマシ', 9);
INSERT INTO "GreenLine_city" ("id", "code", "name", "kana", "prefecture_id") VALUES (477, '09216', '下野市', 'シモツケシ', 9);
INSERT INTO "GreenLine_city" ("id", "code", "name", "kana", "prefecture_id") VALUES (478, '09301', '河内郡上三川町', 'カワチグンカミノカワマチ', 9);
INSERT INTO "GreenLine_city" ("id", "code", "name", "kana", "prefecture_id") VALUES (479, '09342', '芳賀郡益子町', 'ハガグンマシコマチ', 9);
INSERT INTO "GreenLine_city" ("id", "code", "name", "kana", "prefecture_id") VALUES (480, '09343', '芳賀郡茂木町', 'ハガグンモテギマチ', 9);
INSERT INTO "GreenLine_city" ("id", "code", "name", "kana", "prefecture_id") VALUES (481, '09344', '芳賀郡市貝町', 'ハガグンイチカイマチ', 9);
INSERT INTO "GreenLine_city" ("id", "code", "name", "kana", "prefecture_id") VALUES (482, '09345', '芳賀郡芳賀町', 'ハガグンハガマチ', 9);
INSERT INTO "GreenLine_city" ("id", "code", "name", "kana", "prefecture_id") VALUES (483, '09361', '下都賀郡壬生町', 'シモツガグンミブマチ', 9);
INSERT INTO "GreenLine_city" ("id", "code", "name", "kana", "prefecture_id") VALUES (484, '09364', '下都賀郡野木町', 'シモツガグンノギマチ', 9);
INSERT INTO "GreenLine_city" ("id", "code", "name", "kana", "prefecture_id") VALUES (485, '09384', '塩谷郡塩谷町', 'シオヤグンシオヤマチ', 9);
INSERT INTO "GreenLine_city" ("id", "code", "name", "kana", "prefecture_id") VALUES (486, '09386', '塩谷郡高根沢町', 'シオヤグンタカネザワマチ', 9);
INSERT INTO "GreenLine_city" ("id", "code", "name", "kana", "prefecture_id") VALUES (487, '09407', '那須郡那須町', 'ナスグンナスマチ', 9);
INSERT INTO "GreenLine_city" ("id", "code", "name", "kana", "prefecture_id") VALUES (488, '09411', '那須郡那珂川町', 'ナスグンナカガワマチ', 9);
INSERT INTO "GreenLine_city" ("id", "code", "name", "kana", "prefecture_id") VALUES (489, '10201', '前橋市', 'マエバシシ', 10);
INSERT INTO "GreenLine_city" ("id", "code", "name", "kana", "prefecture_id") VALUES (490, '10202', '高崎市', 'タカサキシ', 10);
INSERT INTO "GreenLine_city" ("id", "code", "name", "kana", "prefecture_id") VALUES (491, '10203', '桐生市', 'キリュウシ', 10);
INSERT INTO "GreenLine_city" ("id", "code", "name", "kana", "prefecture_id") VALUES (492, '10204', '伊勢崎市', 'イセサキシ', 10);
INSERT INTO "GreenLine_city" ("id", "code", "name", "kana", "prefecture_id") VALUES (493, '10205', '太田市', 'オオタシ', 10);
INSERT INTO "GreenLine_city" ("id", "code", "name", "kana", "prefecture_id") VALUES (494, '10206', '沼田市', 'ヌマタシ', 10);
INSERT INTO "GreenLine_city" ("id", "code", "name", "kana", "prefecture_id") VALUES (495, '10207', '館林市', 'タテバヤシシ', 10);
INSERT INTO "GreenLine_city" ("id", "code", "name", "kana", "prefecture_id") VALUES (496, '10208', '渋川市', 'シブカワシ', 10);
INSERT INTO "GreenLine_city" ("id", "code", "name", "kana", "prefecture_id") VALUES (497, '10209', '藤岡市', 'フジオカシ', 10);
INSERT INTO "GreenLine_city" ("id", "code", "name", "kana", "prefecture_id") VALUES (498, '10210', '富岡市', 'トミオカシ', 10);
INSERT INTO "GreenLine_city" ("id", "code", "name", "kana", "prefecture_id") VALUES (499, '10211', '安中市', 'アンナカシ', 10);
INSERT INTO "GreenLine_city" ("id", "code", "name", "kana", "prefecture_id") VALUES (500, '10212', 'みどり市', 'ミドリシ', 10);
INSERT INTO "GreenLine_city" ("id", "code", "name", "kana", "prefecture_id") VALUES (501, '10344', '北群馬郡榛東村', 'キタグンマグンシントウムラ', 10);
INSERT INTO "GreenLine_city" ("id", "code", "name", "kana", "prefecture_id") VALUES (502, '10345', '北群馬郡吉岡町', 'キタグンマグンヨシオカマチ', 10);
INSERT INTO "GreenLine_city" ("id", "code", "name", "kana", "prefecture_id") VALUES (503, '10366', '多野郡上野村', 'タノグンウエノムラ', 10);
INSERT INTO "GreenLine_city" ("id", "code", "name", "kana", "prefecture_id") VALUES (504, '10367', '多野郡神流町', 'タノグンカンナマチ', 10);
INSERT INTO "GreenLine_city" ("id", "code", "name", "kana", "prefecture_id") VALUES (505, '10382', '甘楽郡下仁田町', 'カンラグンシモニタマチ', 10);
INSERT INTO "GreenLine_city" ("id", "code", "name", "kana", "prefecture_id") VALUES (506, '10383', '甘楽郡南牧村', 'カンラグンナンモクムラ', 10);
INSERT INTO "GreenLine_city" ("id", "code", "name", "kana", "prefecture_id") VALUES (507, '10384', '甘楽郡甘楽町', 'カンラグンカンラマチ', 10);
INSERT INTO "GreenLine_city" ("id", "code", "name", "kana", "prefecture_id") VALUES (508, '10421', '吾妻郡中之条町', 'アガツマグンナカノジョウマチ', 10);
INSERT INTO "GreenLine_city" ("id", "code", "name", "kana", "prefecture_id") VALUES (509, '10424', '吾妻郡長野原町', 'アガツマグンナガノハラマチ', 10);
INSERT INTO "GreenLine_city" ("id", "code", "name", "kana", "prefecture_id") VALUES (510, '10425', '吾妻郡嬬恋村', 'アガツマグンツマゴイムラ', 10);
INSERT INTO "GreenLine_city" ("id", "code", "name", "kana", "prefecture_id") VALUES (511, '10426', '吾妻郡草津町', 'アガツマグンクサツマチ', 10);
INSERT INTO "GreenLine_city" ("id", "code", "name", "kana", "prefecture_id") VALUES (512, '10428', '吾妻郡高山村', 'アガツマグンタカヤマムラ', 10);
INSERT INTO "GreenLine_city" ("id", "code", "name", "kana", "prefecture_id") VALUES (513, '10429', '吾妻郡東吾妻町', 'アガツマグンヒガシアガツママチ', 10);
INSERT INTO "GreenLine_city" ("id", "code", "name", "kana", "prefecture_id") VALUES (514, '10443', '利根郡片品村', 'トネグンカタシナムラ', 10);
INSERT INTO "GreenLine_city" ("id", "code", "name", "kana", "prefecture_id") VALUES (515, '10444', '利根郡川場村', 'トネグンカワバムラ', 10);
INSERT INTO "GreenLine_city" ("id", "code", "name", "kana", "prefecture_id") VALUES (516, '10448', '利根郡昭和村', 'トネグンショウワムラ', 10);
INSERT INTO "GreenLine_city" ("id", "code", "name", "kana", "prefecture_id") VALUES (517, '10449', '利根郡みなかみ町', 'トネグンミナカミマチ', 10);
INSERT INTO "GreenLine_city" ("id", "code", "name", "kana", "prefecture_id") VALUES (518, '10464', '佐波郡玉村町', 'サワグンタマムラマチ', 10);
INSERT INTO "GreenLine_city" ("id", "code", "name", "kana", "prefecture_id") VALUES (519, '10521', '邑楽郡板倉町', 'オウラグンイタクラマチ', 10);
INSERT INTO "GreenLine_city" ("id", "code", "name", "kana", "prefecture_id") VALUES (520, '10522', '邑楽郡明和町', 'オウラグンメイワマチ', 10);
INSERT INTO "GreenLine_city" ("id", "code", "name", "kana", "prefecture_id") VALUES (521, '10523', '邑楽郡千代田町', 'オウラグンチヨダマチ', 10);
INSERT INTO "GreenLine_city" ("id", "code", "name", "kana", "prefecture_id") VALUES (522, '10524', '邑楽郡大泉町', 'オウラグンオオイズミマチ', 10);
INSERT INTO "GreenLine_city" ("id", "code", "name", "kana", "prefecture_id") VALUES (523, '10525', '邑楽郡邑楽町', 'オウラグンオウラマチ', 10);
INSERT INTO "GreenLine_city" ("id", "code", "name", "kana", "prefecture_id") VALUES (524, '11101', 'さいたま市西区', 'サイタマシニシク', 11);
INSERT INTO "GreenLine_city" ("id", "code", "name", "kana", "prefecture_id") VALUES (525, '11102', 'さいたま市北区', 'サイタマシキタク', 11);
INSERT INTO "GreenLine_city" ("id", "code", "name", "kana", "prefecture_id") VALUES (526, '11103', 'さいたま市大宮区', 'サイタマシオオミヤク', 11);
INSERT INTO "GreenLine_city" ("id", "code", "name", "kana", "prefecture_id") VALUES (527, '11104', 'さいたま市見沼区', 'サイタマシミヌマク', 11);
INSERT INTO "GreenLine_city" ("id", "code", "name", "kana", "prefecture_id") VALUES (528, '11105', 'さいたま市中央区', 'サイタマシチュウオウク', 11);
INSERT INTO "GreenLine_city" ("id", "code", "name", "kana", "prefecture_id") VALUES (529, '11106', 'さいたま市桜区', 'サイタマシサクラク', 11);
INSERT INTO "GreenLine_city" ("id", "code", "name", "kana", "prefecture_id") VALUES (530, '11107', 'さいたま市浦和区', 'サイタマシウラワク', 11);
INSERT INTO "GreenLine_city" ("id", "code", "name", "kana", "prefecture_id") VALUES (531, '11108', 'さいたま市南区', 'サイタマシミナミク', 11);
INSERT INTO "GreenLine_city" ("id", "code", "name", "kana", "prefecture_id") VALUES (532, '11109', 'さいたま市緑区', 'サイタマシミドリク', 11);
INSERT INTO "GreenLine_city" ("id", "code", "name", "kana", "prefecture_id") VALUES (533, '11110', 'さいたま市岩槻区', 'サイタマシイワツキク', 11);
INSERT INTO "GreenLine_city" ("id", "code", "name", "kana", "prefecture_id") VALUES (534, '11201', '川越市', 'カワゴエシ', 11);
INSERT INTO "GreenLine_city" ("id", "code", "name", "kana", "prefecture_id") VALUES (535, '11202', '熊谷市', 'クマガヤシ', 11);
INSERT INTO "GreenLine_city" ("id", "code", "name", "kana", "prefecture_id") VALUES (536, '11203', '川口市', 'カワグチシ', 11);
INSERT INTO "GreenLine_city" ("id", "code", "name", "kana", "prefecture_id") VALUES (537, '11206', '行田市', 'ギョウダシ', 11);
INSERT INTO "GreenLine_city" ("id", "code", "name", "kana", "prefecture_id") VALUES (538, '11207', '秩父市', 'チチブシ', 11);
INSERT INTO "GreenLine_city" ("id", "code", "name", "kana", "prefecture_id") VALUES (539, '11208', '所沢市', 'トコロザワシ', 11);
INSERT INTO "GreenLine_city" ("id", "code", "name", "kana", "prefecture_id") VALUES (540, '11209', '飯能市', 'ハンノウシ', 11);
INSERT INTO "GreenLine_city" ("id", "code", "name", "kana", "prefecture_id") VALUES (541, '11210', '加須市', 'カゾシ', 11);
INSERT INTO "GreenLine_city" ("id", "code", "name", "kana", "prefecture_id") VALUES (542, '11211', '本庄市', 'ホンジョウシ', 11);
INSERT INTO "GreenLine_city" ("id", "code", "name", "kana", "prefecture_id") VALUES (543, '11212', '東松山市', 'ヒガシマツヤマシ', 11);
INSERT INTO "GreenLine_city" ("id", "code", "name", "kana", "prefecture_id") VALUES (544, '11214', '春日部市', 'カスカベシ', 11);
INSERT INTO "GreenLine_city" ("id", "code", "name", "kana", "prefecture_id") VALUES (545, '11215', '狭山市', 'サヤマシ', 11);
INSERT INTO "GreenLine_city" ("id", "code", "name", "kana", "prefecture_id") VALUES (546, '11216', '羽生市', 'ハニュウシ', 11);
INSERT INTO "GreenLine_city" ("id", "code", "name", "kana", "prefecture_id") VALUES (547, '11217', '鴻巣市', 'コウノスシ', 11);
INSERT INTO "GreenLine_city" ("id", "code", "name", "kana", "prefecture_id") VALUES (548, '11218', '深谷市', 'フカヤシ', 11);
INSERT INTO "GreenLine_city" ("id", "code", "name", "kana", "prefecture_id") VALUES (549, '11219', '上尾市', 'アゲオシ', 11);
INSERT INTO "GreenLine_city" ("id", "code", "name", "kana", "prefecture_id") VALUES (550, '11221', '草加市', 'ソウカシ', 11);
INSERT INTO "GreenLine_city" ("id", "code", "name", "kana", "prefecture_id") VALUES (551, '11222', '越谷市', 'コシガヤシ', 11);
INSERT INTO "GreenLine_city" ("id", "code", "name", "kana", "prefecture_id") VALUES (552, '11223', '蕨市', 'ワラビシ', 11);
INSERT INTO "GreenLine_city" ("id", "code", "name", "kana", "prefecture_id") VALUES (553, '11224', '戸田市', 'トダシ', 11);
INSERT INTO "GreenLine_city" ("id", "code", "name", "kana", "prefecture_id") VALUES (554, '11225', '入間市', 'イルマシ', 11);
INSERT INTO "GreenLine_city" ("id", "code", "name", "kana", "prefecture_id") VALUES (555, '11227', '朝霞市', 'アサカシ', 11);
INSERT INTO "GreenLine_city" ("id", "code", "name", "kana", "prefecture_id") VALUES (556, '11228', '志木市', 'シキシ', 11);
INSERT INTO "GreenLine_city" ("id", "code", "name", "kana", "prefecture_id") VALUES (557, '11229', '和光市', 'ワコウシ', 11);
INSERT INTO "GreenLine_city" ("id", "code", "name", "kana", "prefecture_id") VALUES (558, '11230', '新座市', 'ニイザシ', 11);
INSERT INTO "GreenLine_city" ("id", "code", "name", "kana", "prefecture_id") VALUES (559, '11231', '桶川市', 'オケガワシ', 11);
INSERT INTO "GreenLine_city" ("id", "code", "name", "kana", "prefecture_id") VALUES (560, '11232', '久喜市', 'クキシ', 11);
INSERT INTO "GreenLine_city" ("id", "code", "name", "kana", "prefecture_id") VALUES (561, '11233', '北本市', 'キタモトシ', 11);
INSERT INTO "GreenLine_city" ("id", "code", "name", "kana", "prefecture_id") VALUES (562, '11234', '八潮市', 'ヤシオシ', 11);
INSERT INTO "GreenLine_city" ("id", "code", "name", "kana", "prefecture_id") VALUES (563, '11235', '富士見市', 'フジミシ', 11);
INSERT INTO "GreenLine_city" ("id", "code", "name", "kana", "prefecture_id") VALUES (564, '11237', '三郷市', 'ミサトシ', 11);
INSERT INTO "GreenLine_city" ("id", "code", "name", "kana", "prefecture_id") VALUES (565, '11238', '蓮田市', 'ハスダシ', 11);
INSERT INTO "GreenLine_city" ("id", "code", "name", "kana", "prefecture_id") VALUES (566, '11239', '坂戸市', 'サカドシ', 11);
INSERT INTO "GreenLine_city" ("id", "code", "name", "kana", "prefecture_id") VALUES (567, '11240', '幸手市', 'サッテシ', 11);
INSERT INTO "GreenLine_city" ("id", "code", "name", "kana", "prefecture_id") VALUES (568, '11241', '鶴ヶ島市', 'ツルガシマシ', 11);
INSERT INTO "GreenLine_city" ("id", "code", "name", "kana", "prefecture_id") VALUES (569, '11242', '日高市', 'ヒダカシ', 11);
INSERT INTO "GreenLine_city" ("id", "code", "name", "kana", "prefecture_id") VALUES (570, '11243', '吉川市', 'ヨシカワシ', 11);
INSERT INTO "GreenLine_city" ("id", "code", "name", "kana", "prefecture_id") VALUES (571, '11245', 'ふじみ野市', 'フジミノシ', 11);
INSERT INTO "GreenLine_city" ("id", "code", "name", "kana", "prefecture_id") VALUES (572, '11246', '白岡市', 'シラオカシ', 11);
INSERT INTO "GreenLine_city" ("id", "code", "name", "kana", "prefecture_id") VALUES (573, '11301', '北足立郡伊奈町', 'キタアダチグンイナマチ', 11);
INSERT INTO "GreenLine_city" ("id", "code", "name", "kana", "prefecture_id") VALUES (574, '11324', '入間郡三芳町', 'イルマグンミヨシマチ', 11);
INSERT INTO "GreenLine_city" ("id", "code", "name", "kana", "prefecture_id") VALUES (575, '11326', '入間郡毛呂山町', 'イルマグンモロヤママチ', 11);
INSERT INTO "GreenLine_city" ("id", "code", "name", "kana", "prefecture_id") VALUES (576, '11327', '入間郡越生町', 'イルマグンオゴセマチ', 11);
INSERT INTO "GreenLine_city" ("id", "code", "name", "kana", "prefecture_id") VALUES (577, '11341', '比企郡滑川町', 'ヒキグンナメガワマチ', 11);
INSERT INTO "GreenLine_city" ("id", "code", "name", "kana", "prefecture_id") VALUES (578, '11342', '比企郡嵐山町', 'ヒキグンランザンマチ', 11);
INSERT INTO "GreenLine_city" ("id", "code", "name", "kana", "prefecture_id") VALUES (579, '11343', '比企郡小川町', 'ヒキグンオガワマチ', 11);
INSERT INTO "GreenLine_city" ("id", "code", "name", "kana", "prefecture_id") VALUES (580, '11346', '比企郡川島町', 'ヒキグンカワジママチ', 11);
INSERT INTO "GreenLine_city" ("id", "code", "name", "kana", "prefecture_id") VALUES (581, '11347', '比企郡吉見町', 'ヒキグンヨシミマチ', 11);
INSERT INTO "GreenLine_city" ("id", "code", "name", "kana", "prefecture_id") VALUES (582, '11348', '比企郡鳩山町', 'ヒキグンハトヤママチ', 11);
INSERT INTO "GreenLine_city" ("id", "code", "name", "kana", "prefecture_id") VALUES (583, '11349', '比企郡ときがわ町', 'ヒキグントキガワマチ', 11);
INSERT INTO "GreenLine_city" ("id", "code", "name", "kana", "prefecture_id") VALUES (584, '11361', '秩父郡横瀬町', 'チチブグンヨコゼマチ', 11);
INSERT INTO "GreenLine_city" ("id", "code", "name", "kana", "prefecture_id") VALUES (585, '11362', '秩父郡皆野町', 'チチブグンミナノマチ', 11);
INSERT INTO "GreenLine_city" ("id", "code", "name", "kana", "prefecture_id") VALUES (586, '11363', '秩父郡長瀞町', 'チチブグンナガトロマチ', 11);
INSERT INTO "GreenLine_city" ("id", "code", "name", "kana", "prefecture_id") VALUES (587, '11365', '秩父郡小鹿野町', 'チチブグンオガノマチ', 11);
INSERT INTO "GreenLine_city" ("id", "code", "name", "kana", "prefecture_id") VALUES (588, '11369', '秩父郡東秩父村', 'チチブグンヒガシチチブムラ', 11);
INSERT INTO "GreenLine_city" ("id", "code", "name", "kana", "prefecture_id") VALUES (589, '11381', '児玉郡美里町', 'コダマグンミサトマチ', 11);
INSERT INTO "GreenLine_city" ("id", "code", "name", "kana", "prefecture_id") VALUES (590, '11383', '児玉郡神川町', 'コダマグンカミカワマチ', 11);
INSERT INTO "GreenLine_city" ("id", "code", "name", "kana", "prefecture_id") VALUES (591, '11385', '児玉郡上里町', 'コダマグンカミサトマチ', 11);
INSERT INTO "GreenLine_city" ("id", "code", "name", "kana", "prefecture_id") VALUES (592, '11408', '大里郡寄居町', 'オオサトグンヨリイマチ', 11);
INSERT INTO "GreenLine_city" ("id", "code", "name", "kana", "prefecture_id") VALUES (593, '11442', '南埼玉郡宮代町', 'ミナミサイタマグンミヤシロマチ', 11);
INSERT INTO "GreenLine_city" ("id", "code", "name", "kana", "prefecture_id") VALUES (594, '11464', '北葛飾郡杉戸町', 'キタカツシカグンスギトマチ', 11);
INSERT INTO "GreenLine_city" ("id", "code", "name", "kana", "prefecture_id") VALUES (595, '11465', '北葛飾郡松伏町', 'キタカツシカグンマツブシマチ', 11);
INSERT INTO "GreenLine_city" ("id", "code", "name", "kana", "prefecture_id") VALUES (596, '12101', '千葉市中央区', 'チバシチュウオウク', 12);
INSERT INTO "GreenLine_city" ("id", "code", "name", "kana", "prefecture_id") VALUES (597, '12102', '千葉市花見川区', 'チバシハナミガワク', 12);
INSERT INTO "GreenLine_city" ("id", "code", "name", "kana", "prefecture_id") VALUES (598, '12103', '千葉市稲毛区', 'チバシイナゲク', 12);
INSERT INTO "GreenLine_city" ("id", "code", "name", "kana", "prefecture_id") VALUES (599, '12104', '千葉市若葉区', 'チバシワカバク', 12);
INSERT INTO "GreenLine_city" ("id", "code", "name", "kana", "prefecture_id") VALUES (600, '12105', '千葉市緑区', 'チバシミドリク', 12);
INSERT INTO "GreenLine_city" ("id", "code", "name", "kana", "prefecture_id") VALUES (601, '12106', '千葉市美浜区', 'チバシミハマク', 12);
INSERT INTO "GreenLine_city" ("id", "code", "name", "kana", "prefecture_id") VALUES (602, '12202', '銚子市', 'チョウシシ', 12);
INSERT INTO "GreenLine_city" ("id", "code", "name", "kana", "prefecture_id") VALUES (603, '12203', '市川市', 'イチカワシ', 12);
INSERT INTO "GreenLine_city" ("id", "code", "name", "kana", "prefecture_id") VALUES (604, '12204', '船橋市', 'フナバシシ', 12);
INSERT INTO "GreenLine_city" ("id", "code", "name", "kana", "prefecture_id") VALUES (605, '12205', '館山市', 'タテヤマシ', 12);
INSERT INTO "GreenLine_city" ("id", "code", "name", "kana", "prefecture_id") VALUES (606, '12206', '木更津市', 'キサラヅシ', 12);
INSERT INTO "GreenLine_city" ("id", "code", "name", "kana", "prefecture_id") VALUES (607, '12207', '松戸市', 'マツドシ', 12);
INSERT INTO "GreenLine_city" ("id", "code", "name", "kana", "prefecture_id") VALUES (608, '12208', '野田市', 'ノダシ', 12);
INSERT INTO "GreenLine_city" ("id", "code", "name", "kana", "prefecture_id") VALUES (609, '12210', '茂原市', 'モバラシ', 12);
INSERT INTO "GreenLine_city" ("id", "code", "name", "kana", "prefecture_id") VALUES (610, '12211', '成田市', 'ナリタシ', 12);
INSERT INTO "GreenLine_city" ("id", "code", "name", "kana", "prefecture_id") VALUES (611, '12212', '佐倉市', 'サクラシ', 12);
INSERT INTO "GreenLine_city" ("id", "code", "name", "kana", "prefecture_id") VALUES (612, '12213', '東金市', 'トウガネシ', 12);
INSERT INTO "GreenLine_city" ("id", "code", "name", "kana", "prefecture_id") VALUES (613, '12215', '旭市', 'アサヒシ', 12);
INSERT INTO "GreenLine_city" ("id", "code", "name", "kana", "prefecture_id") VALUES (614, '12216', '習志野市', 'ナラシノシ', 12);
INSERT INTO "GreenLine_city" ("id", "code", "name", "kana", "prefecture_id") VALUES (615, '12217', '柏市', 'カシワシ', 12);
INSERT INTO "GreenLine_city" ("id", "code", "name", "kana", "prefecture_id") VALUES (616, '12218', '勝浦市', 'カツウラシ', 12);
INSERT INTO "GreenLine_city" ("id", "code", "name", "kana", "prefecture_id") VALUES (617, '12219', '市原市', 'イチハラシ', 12);
INSERT INTO "GreenLine_city" ("id", "code", "name", "kana", "prefecture_id") VALUES (618, '12220', '流山市', 'ナガレヤマシ', 12);
INSERT INTO "GreenLine_city" ("id", "code", "name", "kana", "prefecture_id") VALUES (619, '12221', '八千代市', 'ヤチヨシ', 12);
INSERT INTO "GreenLine_city" ("id", "code", "name", "kana", "prefecture_id") VALUES (620, '12222', '我孫子市', 'アビコシ', 12);
INSERT INTO "GreenLine_city" ("id", "code", "name", "kana", "prefecture_id") VALUES (621, '12223', '鴨川市', 'カモガワシ', 12);
INSERT INTO "GreenLine_city" ("id", "code", "name", "kana", "prefecture_id") VALUES (622, '12224', '鎌ケ谷市', 'カマガヤシ', 12);
INSERT INTO "GreenLine_city" ("id", "code", "name", "kana", "prefecture_id") VALUES (623, '12225', '君津市', 'キミツシ', 12);
INSERT INTO "GreenLine_city" ("id", "code", "name", "kana", "prefecture_id") VALUES (624, '12226', '富津市', 'フッツシ', 12);
INSERT INTO "GreenLine_city" ("id", "code", "name", "kana", "prefecture_id") VALUES (625, '12227', '浦安市', 'ウラヤスシ', 12);
INSERT INTO "GreenLine_city" ("id", "code", "name", "kana", "prefecture_id") VALUES (626, '12228', '四街道市', 'ヨツカイドウシ', 12);
INSERT INTO "GreenLine_city" ("id", "code", "name", "kana", "prefecture_id") VALUES (627, '12229', '袖ケ浦市', 'ソデガウラシ', 12);
INSERT INTO "GreenLine_city" ("id", "code", "name", "kana", "prefecture_id") VALUES (628, '12230', '八街市', 'ヤチマタシ', 12);
INSERT INTO "GreenLine_city" ("id", "code", "name", "kana", "prefecture_id") VALUES (629, '12231', '印西市', 'インザイシ', 12);
INSERT INTO "GreenLine_city" ("id", "code", "name", "kana", "prefecture_id") VALUES (630, '12232', '白井市', 'シロイシ', 12);
INSERT INTO "GreenLine_city" ("id", "code", "name", "kana", "prefecture_id") VALUES (631, '12233', '富里市', 'トミサトシ', 12);
INSERT INTO "GreenLine_city" ("id", "code", "name", "kana", "prefecture_id") VALUES (632, '12234', '南房総市', 'ミナミボウソウシ', 12);
INSERT INTO "GreenLine_city" ("id", "code", "name", "kana", "prefecture_id") VALUES (633, '12235', '匝瑳市', 'ソウサシ', 12);
INSERT INTO "GreenLine_city" ("id", "code", "name", "kana", "prefecture_id") VALUES (634, '12236', '香取市', 'カトリシ', 12);
INSERT INTO "GreenLine_city" ("id", "code", "name", "kana", "prefecture_id") VALUES (635, '12237', '山武市', 'サンムシ', 12);
INSERT INTO "GreenLine_city" ("id", "code", "name", "kana", "prefecture_id") VALUES (636, '12238', 'いすみ市', 'イスミシ', 12);
INSERT INTO "GreenLine_city" ("id", "code", "name", "kana", "prefecture_id") VALUES (637, '12239', '大網白里市', 'オオアミシラサトシ', 12);
INSERT INTO "GreenLine_city" ("id", "code", "name", "kana", "prefecture_id") VALUES (638, '12322', '印旛郡酒々井町', 'インバグンシスイマチ', 12);
INSERT INTO "GreenLine_city" ("id", "code", "name", "kana", "prefecture_id") VALUES (639, '12329', '印旛郡栄町', 'インバグンサカエマチ', 12);
INSERT INTO "GreenLine_city" ("id", "code", "name", "kana", "prefecture_id") VALUES (640, '12342', '香取郡神崎町', 'カトリグンコウザキマチ', 12);
INSERT INTO "GreenLine_city" ("id", "code", "name", "kana", "prefecture_id") VALUES (641, '12347', '香取郡多古町', 'カトリグンタコマチ', 12);
INSERT INTO "GreenLine_city" ("id", "code", "name", "kana", "prefecture_id") VALUES (642, '12349', '香取郡東庄町', 'カトリグントウノショウマチ', 12);
INSERT INTO "GreenLine_city" ("id", "code", "name", "kana", "prefecture_id") VALUES (643, '12403', '山武郡九十九里町', 'サンブグンクジュウクリマチ', 12);
INSERT INTO "GreenLine_city" ("id", "code", "name", "kana", "prefecture_id") VALUES (644, '12409', '山武郡芝山町', 'サンブグンシバヤママチ', 12);
INSERT INTO "GreenLine_city" ("id", "code", "name", "kana", "prefecture_id") VALUES (645, '12410', '山武郡横芝光町', 'サンブグンヨコシバヒカリマチ', 12);
INSERT INTO "GreenLine_city" ("id", "code", "name", "kana", "prefecture_id") VALUES (646, '12421', '長生郡一宮町', 'チョウセイグンイチノミヤマチ', 12);
INSERT INTO "GreenLine_city" ("id", "code", "name", "kana", "prefecture_id") VALUES (647, '12422', '長生郡睦沢町', 'チョウセイグンムツザワマチ', 12);
INSERT INTO "GreenLine_city" ("id", "code", "name", "kana", "prefecture_id") VALUES (648, '12423', '長生郡長生村', 'チョウセイグンチョウセイムラ', 12);
INSERT INTO "GreenLine_city" ("id", "code", "name", "kana", "prefecture_id") VALUES (649, '12424', '長生郡白子町', 'チョウセイグンシラコマチ', 12);
INSERT INTO "GreenLine_city" ("id", "code", "name", "kana", "prefecture_id") VALUES (650, '12426', '長生郡長柄町', 'チョウセイグンナガラマチ', 12);
INSERT INTO "GreenLine_city" ("id", "code", "name", "kana", "prefecture_id") VALUES (651, '12427', '長生郡長南町', 'チョウセイグンチョウナンマチ', 12);
INSERT INTO "GreenLine_city" ("id", "code", "name", "kana", "prefecture_id") VALUES (652, '12441', '夷隅郡大多喜町', 'イスミグンオオタキマチ', 12);
INSERT INTO "GreenLine_city" ("id", "code", "name", "kana", "prefecture_id") VALUES (653, '12443', '夷隅郡御宿町', 'イスミグンオンジュクマチ', 12);
INSERT INTO "GreenLine_city" ("id", "code", "name", "kana", "prefecture_id") VALUES (654, '12463', '安房郡鋸南町', 'アワグンキョナンマチ', 12);
INSERT INTO "GreenLine_city" ("id", "code", "name", "kana", "prefecture_id") VALUES (655, '13101', '千代田区', 'チヨダク', 13);
INSERT INTO "GreenLine_city" ("id", "code", "name", "kana", "prefecture_id") VALUES (656, '13102', '中央区', 'チュウオウク', 13);
INSERT INTO "GreenLine_city" ("id", "code", "name", "kana", "prefecture_id") VALUES (657, '13103', '港区', 'ミナトク', 13);
INSERT INTO "GreenLine_city" ("id", "code", "name", "kana", "prefecture_id") VALUES (658, '13104', '新宿区', 'シンジュクク', 13);
INSERT INTO "GreenLine_city" ("id", "code", "name", "kana", "prefecture_id") VALUES (659, '13105', '文京区', 'ブンキョウク', 13);
INSERT INTO "GreenLine_city" ("id", "code", "name", "kana", "prefecture_id") VALUES (660, '13106', '台東区', 'タイトウク', 13);
INSERT INTO "GreenLine_city" ("id", "code", "name", "kana", "prefecture_id") VALUES (661, '13107', '墨田区', 'スミダク', 13);
INSERT INTO "GreenLine_city" ("id", "code", "name", "kana", "prefecture_id") VALUES (662, '13108', '江東区', 'コウトウク', 13);
INSERT INTO "GreenLine_city" ("id", "code", "name", "kana", "prefecture_id") VALUES (663, '13109', '品川区', 'シナガワク', 13);
INSERT INTO "GreenLine_city" ("id", "code", "name", "kana", "prefecture_id") VALUES (664, '13110', '目黒区', 'メグロク', 13);
INSERT INTO "GreenLine_city" ("id", "code", "name", "kana", "prefecture_id") VALUES (665, '13111', '大田区', 'オオタク', 13);
INSERT INTO "GreenLine_city" ("id", "code", "name", "kana", "prefecture_id") VALUES (666, '13112', '世田谷区', 'セタガヤク', 13);
INSERT INTO "GreenLine_city" ("id", "code", "name", "kana", "prefecture_id") VALUES (667, '13113', '渋谷区', 'シブヤク', 13);
INSERT INTO "GreenLine_city" ("id", "code", "name", "kana", "prefecture_id") VALUES (668, '13114', '中野区', 'ナカノク', 13);
INSERT INTO "GreenLine_city" ("id", "code", "name", "kana", "prefecture_id") VALUES (669, '13115', '杉並区', 'スギナミク', 13);
INSERT INTO "GreenLine_city" ("id", "code", "name", "kana", "prefecture_id") VALUES (670, '13116', '豊島区', 'トシマク', 13);
INSERT INTO "GreenLine_city" ("id", "code", "name", "kana", "prefecture_id") VALUES (671, '13117', '北区', 'キタク', 13);
INSERT INTO "GreenLine_city" ("id", "code", "name", "kana", "prefecture_id") VALUES (672, '13118', '荒川区', 'アラカワク', 13);
INSERT INTO "GreenLine_city" ("id", "code", "name", "kana", "prefecture_id") VALUES (673, '13119', '板橋区', 'イタバシク', 13);
INSERT INTO "GreenLine_city" ("id", "code", "name", "kana", "prefecture_id") VALUES (674, '13120', '練馬区', 'ネリマク', 13);
INSERT INTO "GreenLine_city" ("id", "code", "name", "kana", "prefecture_id") VALUES (675, '13121', '足立区', 'アダチク', 13);
INSERT INTO "GreenLine_city" ("id", "code", "name", "kana", "prefecture_id") VALUES (676, '13122', '葛飾区', 'カツシカク', 13);
INSERT INTO "GreenLine_city" ("id", "code", "name", "kana", "prefecture_id") VALUES (677, '13123', '江戸川区', 'エドガワク', 13);
INSERT INTO "GreenLine_city" ("id", "code", "name", "kana", "prefecture_id") VALUES (678, '13201', '八王子市', 'ハチオウジシ', 13);
INSERT INTO "GreenLine_city" ("id", "code", "name", "kana", "prefecture_id") VALUES (679, '13202', '立川市', 'タチカワシ', 13);
INSERT INTO "GreenLine_city" ("id", "code", "name", "kana", "prefecture_id") VALUES (680, '13203', '武蔵野市', 'ムサシノシ', 13);
INSERT INTO "GreenLine_city" ("id", "code", "name", "kana", "prefecture_id") VALUES (681, '13204', '三鷹市', 'ミタカシ', 13);
INSERT INTO "GreenLine_city" ("id", "code", "name", "kana", "prefecture_id") VALUES (682, '13205', '青梅市', 'オウメシ', 13);
INSERT INTO "GreenLine_city" ("id", "code", "name", "kana", "prefecture_id") VALUES (683, '13206', '府中市', 'フチュウシ', 13);
INSERT INTO "GreenLine_city" ("id", "code", "name", "kana", "prefecture_id") VALUES (684, '13207', '昭島市', 'アキシマシ', 13);
INSERT INTO "GreenLine_city" ("id", "code", "name", "kana", "prefecture_id") VALUES (685, '13208', '調布市', 'チョウフシ', 13);
INSERT INTO "GreenLine_city" ("id", "code", "name", "kana", "prefecture_id") VALUES (686, '13209', '町田市', 'マチダシ', 13);
INSERT INTO "GreenLine_city" ("id", "code", "name", "kana", "prefecture_id") VALUES (687, '13210', '小金井市', 'コガネイシ', 13);
INSERT INTO "GreenLine_city" ("id", "code", "name", "kana", "prefecture_id") VALUES (688, '13211', '小平市', 'コダイラシ', 13);
INSERT INTO "GreenLine_city" ("id", "code", "name", "kana", "prefecture_id") VALUES (689, '13212', '日野市', 'ヒノシ', 13);
INSERT INTO "GreenLine_city" ("id", "code", "name", "kana", "prefecture_id") VALUES (690, '13213', '東村山市', 'ヒガシムラヤマシ', 13);
INSERT INTO "GreenLine_city" ("id", "code", "name", "kana", "prefecture_id") VALUES (691, '13214', '国分寺市', 'コクブンジシ', 13);
INSERT INTO "GreenLine_city" ("id", "code", "name", "kana", "prefecture_id") VALUES (692, '13215', '国立市', 'クニタチシ', 13);
INSERT INTO "GreenLine_city" ("id", "code", "name", "kana", "prefecture_id") VALUES (693, '13218', '福生市', 'フッサシ', 13);
INSERT INTO "GreenLine_city" ("id", "code", "name", "kana", "prefecture_id") VALUES (694, '13219', '狛江市', 'コマエシ', 13);
INSERT INTO "GreenLine_city" ("id", "code", "name", "kana", "prefecture_id") VALUES (695, '13220', '東大和市', 'ヒガシヤマトシ', 13);
INSERT INTO "GreenLine_city" ("id", "code", "name", "kana", "prefecture_id") VALUES (696, '13221', '清瀬市', 'キヨセシ', 13);
INSERT INTO "GreenLine_city" ("id", "code", "name", "kana", "prefecture_id") VALUES (697, '13222', '東久留米市', 'ヒガシクルメシ', 13);
INSERT INTO "GreenLine_city" ("id", "code", "name", "kana", "prefecture_id") VALUES (698, '13223', '武蔵村山市', 'ムサシムラヤマシ', 13);
INSERT INTO "GreenLine_city" ("id", "code", "name", "kana", "prefecture_id") VALUES (699, '13224', '多摩市', 'タマシ', 13);
INSERT INTO "GreenLine_city" ("id", "code", "name", "kana", "prefecture_id") VALUES (700, '13225', '稲城市', 'イナギシ', 13);
INSERT INTO "GreenLine_city" ("id", "code", "name", "kana", "prefecture_id") VALUES (701, '13227', '羽村市', 'ハムラシ', 13);
INSERT INTO "GreenLine_city" ("id", "code", "name", "kana", "prefecture_id") VALUES (702, '13228', 'あきる野市', 'アキルノシ', 13);
INSERT INTO "GreenLine_city" ("id", "code", "name", "kana", "prefecture_id") VALUES (703, '13229', '西東京市', 'ニシトウキョウシ', 13);
INSERT INTO "GreenLine_city" ("id", "code", "name", "kana", "prefecture_id") VALUES (704, '13303', '西多摩郡瑞穂町', 'ニシタマグンミズホマチ', 13);
INSERT INTO "GreenLine_city" ("id", "code", "name", "kana", "prefecture_id") VALUES (705, '13305', '西多摩郡日の出町', 'ニシタマグンヒノデマチ', 13);
INSERT INTO "GreenLine_city" ("id", "code", "name", "kana", "prefecture_id") VALUES (706, '13307', '西多摩郡檜原村', 'ニシタマグンヒノハラムラ', 13);
INSERT INTO "GreenLine_city" ("id", "code", "name", "kana", "prefecture_id") VALUES (707, '13308', '西多摩郡奥多摩町', 'ニシタマグンオクタママチ', 13);
INSERT INTO "GreenLine_city" ("id", "code", "name", "kana", "prefecture_id") VALUES (708, '13361', '大島町', 'オオシママチ', 13);
INSERT INTO "GreenLine_city" ("id", "code", "name", "kana", "prefecture_id") VALUES (709, '13362', '利島村', 'トシマムラ', 13);
INSERT INTO "GreenLine_city" ("id", "code", "name", "kana", "prefecture_id") VALUES (710, '13363', '新島村', 'ニイジマムラ', 13);
INSERT INTO "GreenLine_city" ("id", "code", "name", "kana", "prefecture_id") VALUES (711, '13364', '神津島村', 'コウヅシマムラ', 13);
INSERT INTO "GreenLine_city" ("id", "code", "name", "kana", "prefecture_id") VALUES (712, '13381', '三宅島三宅村', 'ミヤケジマミヤケムラ', 13);
INSERT INTO "GreenLine_city" ("id", "code", "name", "kana", "prefecture_id") VALUES (713, '13382', '御蔵島村', 'ミクラジマムラ', 13);
INSERT INTO "GreenLine_city" ("id", "code", "name", "kana", "prefecture_id") VALUES (714, '13401', '八丈島八丈町', 'ハチジョウジマハチジョウマチ', 13);
INSERT INTO "GreenLine_city" ("id", "code", "name", "kana", "prefecture_id") VALUES (715, '13402', '青ヶ島村', 'アオガシマムラ', 13);
INSERT INTO "GreenLine_city" ("id", "code", "name", "kana", "prefecture_id") VALUES (716, '13421', '小笠原村', 'オガサワラムラ', 13);
INSERT INTO "GreenLine_city" ("id", "code", "name", "kana", "prefecture_id") VALUES (717, '14101', '横浜市鶴見区', 'ヨコハマシツルミク', 14);
INSERT INTO "GreenLine_city" ("id", "code", "name", "kana", "prefecture_id") VALUES (718, '14102', '横浜市神奈川区', 'ヨコハマシカナガワク', 14);
INSERT INTO "GreenLine_city" ("id", "code", "name", "kana", "prefecture_id") VALUES (719, '14103', '横浜市西区', 'ヨコハマシニシク', 14);
INSERT INTO "GreenLine_city" ("id", "code", "name", "kana", "prefecture_id") VALUES (720, '14104', '横浜市中区', 'ヨコハマシナカク', 14);
INSERT INTO "GreenLine_city" ("id", "code", "name", "kana", "prefecture_id") VALUES (721, '14105', '横浜市南区', 'ヨコハマシミナミク', 14);
INSERT INTO "GreenLine_city" ("id", "code", "name", "kana", "prefecture_id") VALUES (722, '14106', '横浜市保土ケ谷区', 'ヨコハマシホドガヤク', 14);
INSERT INTO "GreenLine_city" ("id", "code", "name", "kana", "prefecture_id") VALUES (723, '14107', '横浜市磯子区', 'ヨコハマシイソゴク', 14);
INSERT INTO "GreenLine_city" ("id", "code", "name", "kana", "prefecture_id") VALUES (724, '14108', '横浜市金沢区', 'ヨコハマシカナザワク', 14);
INSERT INTO "GreenLine_city" ("id", "code", "name", "kana", "prefecture_id") VALUES (725, '14109', '横浜市港北区', 'ヨコハマシコウホクク', 14);
INSERT INTO "GreenLine_city" ("id", "code", "name", "kana", "prefecture_id") VALUES (726, '14110', '横浜市戸塚区', 'ヨコハマシトツカク', 14);
INSERT INTO "GreenLine_city" ("id", "code", "name", "kana", "prefecture_id") VALUES (727, '14111', '横浜市港南区', 'ヨコハマシコウナンク', 14);
INSERT INTO "GreenLine_city" ("id", "code", "name", "kana", "prefecture_id") VALUES (728, '14112', '横浜市旭区', 'ヨコハマシアサヒク', 14);
INSERT INTO "GreenLine_city" ("id", "code", "name", "kana", "prefecture_id") VALUES (729, '14113', '横浜市緑区', 'ヨコハマシミドリク', 14);
INSERT INTO "GreenLine_city" ("id", "code", "name", "kana", "prefecture_id") VALUES (730, '14114', '横浜市瀬谷区', 'ヨコハマシセヤク', 14);
INSERT INTO "GreenLine_city" ("id", "code", "name", "kana", "prefecture_id") VALUES (731, '14115', '横浜市栄区', 'ヨコハマシサカエク', 14);
INSERT INTO "GreenLine_city" ("id", "code", "name", "kana", "prefecture_id") VALUES (732, '14116', '横浜市泉区', 'ヨコハマシイズミク', 14);
INSERT INTO "GreenLine_city" ("id", "code", "name", "kana", "prefecture_id") VALUES (733, '14117', '横浜市青葉区', 'ヨコハマシアオバク', 14);
INSERT INTO "GreenLine_city" ("id", "code", "name", "kana", "prefecture_id") VALUES (734, '14118', '横浜市都筑区', 'ヨコハマシツヅキク', 14);
INSERT INTO "GreenLine_city" ("id", "code", "name", "kana", "prefecture_id") VALUES (735, '14131', '川崎市川崎区', 'カワサキシカワサキク', 14);
INSERT INTO "GreenLine_city" ("id", "code", "name", "kana", "prefecture_id") VALUES (736, '14132', '川崎市幸区', 'カワサキシサイワイク', 14);
INSERT INTO "GreenLine_city" ("id", "code", "name", "kana", "prefecture_id") VALUES (737, '14133', '川崎市中原区', 'カワサキシナカハラク', 14);
INSERT INTO "GreenLine_city" ("id", "code", "name", "kana", "prefecture_id") VALUES (738, '14134', '川崎市高津区', 'カワサキシタカツク', 14);
INSERT INTO "GreenLine_city" ("id", "code", "name", "kana", "prefecture_id") VALUES (739, '14135', '川崎市多摩区', 'カワサキシタマク', 14);
INSERT INTO "GreenLine_city" ("id", "code", "name", "kana", "prefecture_id") VALUES (740, '14136', '川崎市宮前区', 'カワサキシミヤマエク', 14);
INSERT INTO "GreenLine_city" ("id", "code", "name", "kana", "prefecture_id") VALUES (741, '14137', '川崎市麻生区', 'カワサキシアサオク', 14);
INSERT INTO "GreenLine_city" ("id", "code", "name", "kana", "prefecture_id") VALUES (742, '14151', '相模原市緑区', 'サガミハラシミドリク', 14);
INSERT INTO "GreenLine_city" ("id", "code", "name", "kana", "prefecture_id") VALUES (743, '14152', '相模原市中央区', 'サガミハラシチュウオウク', 14);
INSERT INTO "GreenLine_city" ("id", "code", "name", "kana", "prefecture_id") VALUES (744, '14153', '相模原市南区', 'サガミハラシミナミク', 14);
INSERT INTO "GreenLine_city" ("id", "code", "name", "kana", "prefecture_id") VALUES (745, '14201', '横須賀市', 'ヨコスカシ', 14);
INSERT INTO "GreenLine_city" ("id", "code", "name", "kana", "prefecture_id") VALUES (746, '14203', '平塚市', 'ヒラツカシ', 14);
INSERT INTO "GreenLine_city" ("id", "code", "name", "kana", "prefecture_id") VALUES (747, '14204', '鎌倉市', 'カマクラシ', 14);
INSERT INTO "GreenLine_city" ("id", "code", "name", "kana", "prefecture_id") VALUES (748, '14205', '藤沢市', 'フジサワシ', 14);
INSERT INTO "GreenLine_city" ("id", "code", "name", "kana", "prefecture_id") VALUES (749, '14206', '小田原市', 'オダワラシ', 14);
INSERT INTO "GreenLine_city" ("id", "code", "name", "kana", "prefecture_id") VALUES (750, '14207', '茅ヶ崎市', 'チガサキシ', 14);
INSERT INTO "GreenLine_city" ("id", "code", "name", "kana", "prefecture_id") VALUES (751, '14208', '逗子市', 'ズシシ', 14);
INSERT INTO "GreenLine_city" ("id", "code", "name", "kana", "prefecture_id") VALUES (752, '14210', '三浦市', 'ミウラシ', 14);
INSERT INTO "GreenLine_city" ("id", "code", "name", "kana", "prefecture_id") VALUES (753, '14211', '秦野市', 'ハダノシ', 14);
INSERT INTO "GreenLine_city" ("id", "code", "name", "kana", "prefecture_id") VALUES (754, '14212', '厚木市', 'アツギシ', 14);
INSERT INTO "GreenLine_city" ("id", "code", "name", "kana", "prefecture_id") VALUES (755, '14213', '大和市', 'ヤマトシ', 14);
INSERT INTO "GreenLine_city" ("id", "code", "name", "kana", "prefecture_id") VALUES (756, '14214', '伊勢原市', 'イセハラシ', 14);
INSERT INTO "GreenLine_city" ("id", "code", "name", "kana", "prefecture_id") VALUES (757, '14215', '海老名市', 'エビナシ', 14);
INSERT INTO "GreenLine_city" ("id", "code", "name", "kana", "prefecture_id") VALUES (758, '14216', '座間市', 'ザマシ', 14);
INSERT INTO "GreenLine_city" ("id", "code", "name", "kana", "prefecture_id") VALUES (759, '14217', '南足柄市', 'ミナミアシガラシ', 14);
INSERT INTO "GreenLine_city" ("id", "code", "name", "kana", "prefecture_id") VALUES (760, '14218', '綾瀬市', 'アヤセシ', 14);
INSERT INTO "GreenLine_city" ("id", "code", "name", "kana", "prefecture_id") VALUES (761, '14301', '三浦郡葉山町', 'ミウラグンハヤママチ', 14);
INSERT INTO "GreenLine_city" ("id", "code", "name", "kana", "prefecture_id") VALUES (762, '14321', '高座郡寒川町', 'コウザグンサムカワマチ', 14);
INSERT INTO "GreenLine_city" ("id", "code", "name", "kana", "prefecture_id") VALUES (763, '14341', '中郡大磯町', 'ナカグンオオイソマチ', 14);
INSERT INTO "GreenLine_city" ("id", "code", "name", "kana", "prefecture_id") VALUES (764, '14342', '中郡二宮町', 'ナカグンニノミヤマチ', 14);
INSERT INTO "GreenLine_city" ("id", "code", "name", "kana", "prefecture_id") VALUES (765, '14361', '足柄上郡中井町', 'アシガラカミグンナカイマチ', 14);
INSERT INTO "GreenLine_city" ("id", "code", "name", "kana", "prefecture_id") VALUES (766, '14362', '足柄上郡大井町', 'アシガラカミグンオオイマチ', 14);
INSERT INTO "GreenLine_city" ("id", "code", "name", "kana", "prefecture_id") VALUES (767, '14363', '足柄上郡松田町', 'アシガラカミグンマツダマチ', 14);
INSERT INTO "GreenLine_city" ("id", "code", "name", "kana", "prefecture_id") VALUES (768, '14364', '足柄上郡山北町', 'アシガラカミグンヤマキタマチ', 14);
INSERT INTO "GreenLine_city" ("id", "code", "name", "kana", "prefecture_id") VALUES (769, '14366', '足柄上郡開成町', 'アシガラカミグンカイセイマチ', 14);
INSERT INTO "GreenLine_city" ("id", "code", "name", "kana", "prefecture_id") VALUES (770, '14382', '足柄下郡箱根町', 'アシガラシモグンハコネマチ', 14);
INSERT INTO "GreenLine_city" ("id", "code", "name", "kana", "prefecture_id") VALUES (771, '14383', '足柄下郡真鶴町', 'アシガラシモグンマナヅルマチ', 14);
INSERT INTO "GreenLine_city" ("id", "code", "name", "kana", "prefecture_id") VALUES (772, '14384', '足柄下郡湯河原町', 'アシガラシモグンユガワラマチ', 14);
INSERT INTO "GreenLine_city" ("id", "code", "name", "kana", "prefecture_id") VALUES (773, '14401', '愛甲郡愛川町', 'アイコウグンアイカワマチ', 14);
INSERT INTO "GreenLine_city" ("id", "code", "name", "kana", "prefecture_id") VALUES (774, '14402', '愛甲郡清川村', 'アイコウグンキヨカワムラ', 14);
INSERT INTO "GreenLine_city" ("id", "code", "name", "kana", "prefecture_id") VALUES (775, '15101', '新潟市北区', 'ニイガタシキタク', 15);
INSERT INTO "GreenLine_city" ("id", "code", "name", "kana", "prefecture_id") VALUES (776, '15102', '新潟市東区', 'ニイガタシヒガシク', 15);
INSERT INTO "GreenLine_city" ("id", "code", "name", "kana", "prefecture_id") VALUES (777, '15103', '新潟市中央区', 'ニイガタシチュウオウク', 15);
INSERT INTO "GreenLine_city" ("id", "code", "name", "kana", "prefecture_id") VALUES (778, '15104', '新潟市江南区', 'ニイガタシコウナンク', 15);
INSERT INTO "GreenLine_city" ("id", "code", "name", "kana", "prefecture_id") VALUES (779, '15105', '新潟市秋葉区', 'ニイガタシアキハク', 15);
INSERT INTO "GreenLine_city" ("id", "code", "name", "kana", "prefecture_id") VALUES (780, '15106', '新潟市南区', 'ニイガタシミナミク', 15);
INSERT INTO "GreenLine_city" ("id", "code", "name", "kana", "prefecture_id") VALUES (781, '15107', '新潟市西区', 'ニイガタシニシク', 15);
INSERT INTO "GreenLine_city" ("id", "code", "name", "kana", "prefecture_id") VALUES (782, '15108', '新潟市西蒲区', 'ニイガタシニシカンク', 15);
INSERT INTO "GreenLine_city" ("id", "code", "name", "kana", "prefecture_id") VALUES (783, '15202', '長岡市', 'ナガオカシ', 15);
INSERT INTO "GreenLine_city" ("id", "code", "name", "kana", "prefecture_id") VALUES (784, '15204', '三条市', 'サンジョウシ', 15);
INSERT INTO "GreenLine_city" ("id", "code", "name", "kana", "prefecture_id") VALUES (785, '15205', '柏崎市', 'カシワザキシ', 15);
INSERT INTO "GreenLine_city" ("id", "code", "name", "kana", "prefecture_id") VALUES (786, '15206', '新発田市', 'シバタシ', 15);
INSERT INTO "GreenLine_city" ("id", "code", "name", "kana", "prefecture_id") VALUES (787, '15208', '小千谷市', 'オヂヤシ', 15);
INSERT INTO "GreenLine_city" ("id", "code", "name", "kana", "prefecture_id") VALUES (788, '15209', '加茂市', 'カモシ', 15);
INSERT INTO "GreenLine_city" ("id", "code", "name", "kana", "prefecture_id") VALUES (789, '15210', '十日町市', 'トオカマチシ', 15);
INSERT INTO "GreenLine_city" ("id", "code", "name", "kana", "prefecture_id") VALUES (790, '15211', '見附市', 'ミツケシ', 15);
INSERT INTO "GreenLine_city" ("id", "code", "name", "kana", "prefecture_id") VALUES (791, '15212', '村上市', 'ムラカミシ', 15);
INSERT INTO "GreenLine_city" ("id", "code", "name", "kana", "prefecture_id") VALUES (792, '15213', '燕市', 'ツバメシ', 15);
INSERT INTO "GreenLine_city" ("id", "code", "name", "kana", "prefecture_id") VALUES (793, '15216', '糸魚川市', 'イトイガワシ', 15);
INSERT INTO "GreenLine_city" ("id", "code", "name", "kana", "prefecture_id") VALUES (794, '15217', '妙高市', 'ミョウコウシ', 15);
INSERT INTO "GreenLine_city" ("id", "code", "name", "kana", "prefecture_id") VALUES (795, '15218', '五泉市', 'ゴセンシ', 15);
INSERT INTO "GreenLine_city" ("id", "code", "name", "kana", "prefecture_id") VALUES (796, '15222', '上越市', 'ジョウエツシ', 15);
INSERT INTO "GreenLine_city" ("id", "code", "name", "kana", "prefecture_id") VALUES (797, '15223', '阿賀野市', 'アガノシ', 15);
INSERT INTO "GreenLine_city" ("id", "code", "name", "kana", "prefecture_id") VALUES (798, '15224', '佐渡市', 'サドシ', 15);
INSERT INTO "GreenLine_city" ("id", "code", "name", "kana", "prefecture_id") VALUES (799, '15225', '魚沼市', 'ウオヌマシ', 15);
INSERT INTO "GreenLine_city" ("id", "code", "name", "kana", "prefecture_id") VALUES (800, '15226', '南魚沼市', 'ミナミウオヌマシ', 15);
INSERT INTO "GreenLine_city" ("id", "code", "name", "kana", "prefecture_id") VALUES (801, '15227', '胎内市', 'タイナイシ', 15);
INSERT INTO "GreenLine_city" ("id", "code", "name", "kana", "prefecture_id") VALUES (802, '15307', '北蒲原郡聖籠町', 'キタカンバラグンセイロウマチ', 15);
INSERT INTO "GreenLine_city" ("id", "code", "name", "kana", "prefecture_id") VALUES (803, '15342', '西蒲原郡弥彦村', 'ニシカンバラグンヤヒコムラ', 15);
INSERT INTO "GreenLine_city" ("id", "code", "name", "kana", "prefecture_id") VALUES (804, '15361', '南蒲原郡田上町', 'ミナミカンバラグンタガミマチ', 15);
INSERT INTO "GreenLine_city" ("id", "code", "name", "kana", "prefecture_id") VALUES (805, '15385', '東蒲原郡阿賀町', 'ヒガシカンバラグンアガマチ', 15);
INSERT INTO "GreenLine_city" ("id", "code", "name", "kana", "prefecture_id") VALUES (806, '15405', '三島郡出雲崎町', 'サントウグンイズモザキマチ', 15);
INSERT INTO "GreenLine_city" ("id", "code", "name", "kana", "prefecture_id") VALUES (807, '15461', '南魚沼郡湯沢町', 'ミナミウオヌマグンユザワマチ', 15);
INSERT INTO "GreenLine_city" ("id", "code", "name", "kana", "prefecture_id") VALUES (808, '15482', '中魚沼郡津南町', 'ナカウオヌマグンツナンマチ', 15);
INSERT INTO "GreenLine_city" ("id", "code", "name", "kana", "prefecture_id") VALUES (809, '15504', '刈羽郡刈羽村', 'カリワグンカリワムラ', 15);
INSERT INTO "GreenLine_city" ("id", "code", "name", "kana", "prefecture_id") VALUES (810, '15581', '岩船郡関川村', 'イワフネグンセキカワムラ', 15);
INSERT INTO "GreenLine_city" ("id", "code", "name", "kana", "prefecture_id") VALUES (811, '15586', '岩船郡粟島浦村', 'イワフネグンアワシマウラムラ', 15);
INSERT INTO "GreenLine_city" ("id", "code", "name", "kana", "prefecture_id") VALUES (812, '16201', '富山市', 'トヤマシ', 16);
INSERT INTO "GreenLine_city" ("id", "code", "name", "kana", "prefecture_id") VALUES (813, '16202', '高岡市', 'タカオカシ', 16);
INSERT INTO "GreenLine_city" ("id", "code", "name", "kana", "prefecture_id") VALUES (814, '16204', '魚津市', 'ウオヅシ', 16);
INSERT INTO "GreenLine_city" ("id", "code", "name", "kana", "prefecture_id") VALUES (815, '16205', '氷見市', 'ヒミシ', 16);
INSERT INTO "GreenLine_city" ("id", "code", "name", "kana", "prefecture_id") VALUES (816, '16206', '滑川市', 'ナメリカワシ', 16);
INSERT INTO "GreenLine_city" ("id", "code", "name", "kana", "prefecture_id") VALUES (817, '16207', '黒部市', 'クロベシ', 16);
INSERT INTO "GreenLine_city" ("id", "code", "name", "kana", "prefecture_id") VALUES (818, '16208', '砺波市', 'トナミシ', 16);
INSERT INTO "GreenLine_city" ("id", "code", "name", "kana", "prefecture_id") VALUES (819, '16209', '小矢部市', 'オヤベシ', 16);
INSERT INTO "GreenLine_city" ("id", "code", "name", "kana", "prefecture_id") VALUES (820, '16210', '南砺市', 'ナントシ', 16);
INSERT INTO "GreenLine_city" ("id", "code", "name", "kana", "prefecture_id") VALUES (821, '16211', '射水市', 'イミズシ', 16);
INSERT INTO "GreenLine_city" ("id", "code", "name", "kana", "prefecture_id") VALUES (822, '16321', '中新川郡舟橋村', 'ナカニイカワグンフナハシムラ', 16);
INSERT INTO "GreenLine_city" ("id", "code", "name", "kana", "prefecture_id") VALUES (823, '16322', '中新川郡上市町', 'ナカニイカワグンカミイチマチ', 16);
INSERT INTO "GreenLine_city" ("id", "code", "name", "kana", "prefecture_id") VALUES (824, '16323', '中新川郡立山町', 'ナカニイカワグンタテヤママチ', 16);
INSERT INTO "GreenLine_city" ("id", "code", "name", "kana", "prefecture_id") VALUES (825, '16342', '下新川郡入善町', 'シモニイカワグンニュウゼンマチ', 16);
INSERT INTO "GreenLine_city" ("id", "code", "name", "kana", "prefecture_id") VALUES (826, '16343', '下新川郡朝日町', 'シモニイカワグンアサヒマチ', 16);
INSERT INTO "GreenLine_city" ("id", "code", "name", "kana", "prefecture_id") VALUES (827, '17201', '金沢市', 'カナザワシ', 17);
INSERT INTO "GreenLine_city" ("id", "code", "name", "kana", "prefecture_id") VALUES (828, '17202', '七尾市', 'ナナオシ', 17);
INSERT INTO "GreenLine_city" ("id", "code", "name", "kana", "prefecture_id") VALUES (829, '17203', '小松市', 'コマツシ', 17);
INSERT INTO "GreenLine_city" ("id", "code", "name", "kana", "prefecture_id") VALUES (830, '17204', '輪島市', 'ワジマシ', 17);
INSERT INTO "GreenLine_city" ("id", "code", "name", "kana", "prefecture_id") VALUES (831, '17205', '珠洲市', 'スズシ', 17);
INSERT INTO "GreenLine_city" ("id", "code", "name", "kana", "prefecture_id") VALUES (832, '17206', '加賀市', 'カガシ', 17);
INSERT INTO "GreenLine_city" ("id", "code", "name", "kana", "prefecture_id") VALUES (833, '17207', '羽咋市', 'ハクイシ', 17);
INSERT INTO "GreenLine_city" ("id", "code", "name", "kana", "prefecture_id") VALUES (834, '17209', 'かほく市', 'カホクシ', 17);
INSERT INTO "GreenLine_city" ("id", "code", "name", "kana", "prefecture_id") VALUES (835, '17210', '白山市', 'ハクサンシ', 17);
INSERT INTO "GreenLine_city" ("id", "code", "name", "kana", "prefecture_id") VALUES (836, '17211', '能美市', 'ノミシ', 17);
INSERT INTO "GreenLine_city" ("id", "code", "name", "kana", "prefecture_id") VALUES (837, '17212', '野々市市', 'ノノイチシ', 17);
INSERT INTO "GreenLine_city" ("id", "code", "name", "kana", "prefecture_id") VALUES (838, '17324', '能美郡川北町', 'ノミグンカワキタマチ', 17);
INSERT INTO "GreenLine_city" ("id", "code", "name", "kana", "prefecture_id") VALUES (839, '17361', '河北郡津幡町', 'カホクグンツバタマチ', 17);
INSERT INTO "GreenLine_city" ("id", "code", "name", "kana", "prefecture_id") VALUES (840, '17365', '河北郡内灘町', 'カホクグンウチナダマチ', 17);
INSERT INTO "GreenLine_city" ("id", "code", "name", "kana", "prefecture_id") VALUES (841, '17384', '羽咋郡志賀町', 'ハクイグンシカマチ', 17);
INSERT INTO "GreenLine_city" ("id", "code", "name", "kana", "prefecture_id") VALUES (842, '17386', '羽咋郡宝達志水町', 'ハクイグンホウダツシミズチョウ', 17);
INSERT INTO "GreenLine_city" ("id", "code", "name", "kana", "prefecture_id") VALUES (843, '17407', '鹿島郡中能登町', 'カシマグンナカノトマチ', 17);
INSERT INTO "GreenLine_city" ("id", "code", "name", "kana", "prefecture_id") VALUES (844, '17461', '鳳珠郡穴水町', 'ホウスグンアナミズマチ', 17);
INSERT INTO "GreenLine_city" ("id", "code", "name", "kana", "prefecture_id") VALUES (845, '17463', '鳳珠郡能登町', 'ホウスグンノトチョウ', 17);
INSERT INTO "GreenLine_city" ("id", "code", "name", "kana", "prefecture_id") VALUES (846, '18201', '福井市', 'フクイシ', 18);
INSERT INTO "GreenLine_city" ("id", "code", "name", "kana", "prefecture_id") VALUES (847, '18202', '敦賀市', 'ツルガシ', 18);
INSERT INTO "GreenLine_city" ("id", "code", "name", "kana", "prefecture_id") VALUES (848, '18204', '小浜市', 'オバマシ', 18);
INSERT INTO "GreenLine_city" ("id", "code", "name", "kana", "prefecture_id") VALUES (849, '18205', '大野市', 'オオノシ', 18);
INSERT INTO "GreenLine_city" ("id", "code", "name", "kana", "prefecture_id") VALUES (850, '18206', '勝山市', 'カツヤマシ', 18);
INSERT INTO "GreenLine_city" ("id", "code", "name", "kana", "prefecture_id") VALUES (851, '18207', '鯖江市', 'サバエシ', 18);
INSERT INTO "GreenLine_city" ("id", "code", "name", "kana", "prefecture_id") VALUES (852, '18208', 'あわら市', 'アワラシ', 18);
INSERT INTO "GreenLine_city" ("id", "code", "name", "kana", "prefecture_id") VALUES (853, '18209', '越前市', 'エチゼンシ', 18);
INSERT INTO "GreenLine_city" ("id", "code", "name", "kana", "prefecture_id") VALUES (854, '18210', '坂井市', 'サカイシ', 18);
INSERT INTO "GreenLine_city" ("id", "code", "name", "kana", "prefecture_id") VALUES (855, '18322', '吉田郡永平寺町', 'ヨシダグンエイヘイジチョウ', 18);
INSERT INTO "GreenLine_city" ("id", "code", "name", "kana", "prefecture_id") VALUES (856, '18382', '今立郡池田町', 'イマダテグンイケダチョウ', 18);
INSERT INTO "GreenLine_city" ("id", "code", "name", "kana", "prefecture_id") VALUES (857, '18404', '南条郡南越前町', 'ナンジョウグンミナミエチゼンチョウ', 18);
INSERT INTO "GreenLine_city" ("id", "code", "name", "kana", "prefecture_id") VALUES (858, '18423', '丹生郡越前町', 'ニュウグンエチゼンチョウ', 18);
INSERT INTO "GreenLine_city" ("id", "code", "name", "kana", "prefecture_id") VALUES (859, '18442', '三方郡美浜町', 'ミカタグンミハマチョウ', 18);
INSERT INTO "GreenLine_city" ("id", "code", "name", "kana", "prefecture_id") VALUES (860, '18481', '大飯郡高浜町', 'オオイグンタカハマチョウ', 18);
INSERT INTO "GreenLine_city" ("id", "code", "name", "kana", "prefecture_id") VALUES (861, '18483', '大飯郡おおい町', 'オオイグンオオイチョウ', 18);
INSERT INTO "GreenLine_city" ("id", "code", "name", "kana", "prefecture_id") VALUES (862, '18501', '三方上中郡若狭町', 'ミカタカミナカグンワカサチョウ', 18);
INSERT INTO "GreenLine_city" ("id", "code", "name", "kana", "prefecture_id") VALUES (863, '19201', '甲府市', 'コウフシ', 19);
INSERT INTO "GreenLine_city" ("id", "code", "name", "kana", "prefecture_id") VALUES (864, '19202', '富士吉田市', 'フジヨシダシ', 19);
INSERT INTO "GreenLine_city" ("id", "code", "name", "kana", "prefecture_id") VALUES (865, '19204', '都留市', 'ツルシ', 19);
INSERT INTO "GreenLine_city" ("id", "code", "name", "kana", "prefecture_id") VALUES (866, '19205', '山梨市', 'ヤマナシシ', 19);
INSERT INTO "GreenLine_city" ("id", "code", "name", "kana", "prefecture_id") VALUES (867, '19206', '大月市', 'オオツキシ', 19);
INSERT INTO "GreenLine_city" ("id", "code", "name", "kana", "prefecture_id") VALUES (868, '19207', '韮崎市', 'ニラサキシ', 19);
INSERT INTO "GreenLine_city" ("id", "code", "name", "kana", "prefecture_id") VALUES (869, '19208', '南アルプス市', 'ミナミアルプスシ', 19);
INSERT INTO "GreenLine_city" ("id", "code", "name", "kana", "prefecture_id") VALUES (870, '19209', '北杜市', 'ホクトシ', 19);
INSERT INTO "GreenLine_city" ("id", "code", "name", "kana", "prefecture_id") VALUES (871, '19210', '甲斐市', 'カイシ', 19);
INSERT INTO "GreenLine_city" ("id", "code", "name", "kana", "prefecture_id") VALUES (872, '19211', '笛吹市', 'フエフキシ', 19);
INSERT INTO "GreenLine_city" ("id", "code", "name", "kana", "prefecture_id") VALUES (873, '19212', '上野原市', 'ウエノハラシ', 19);
INSERT INTO "GreenLine_city" ("id", "code", "name", "kana", "prefecture_id") VALUES (874, '19213', '甲州市', 'コウシュウシ', 19);
INSERT INTO "GreenLine_city" ("id", "code", "name", "kana", "prefecture_id") VALUES (875, '19214', '中央市', 'チュウオウシ', 19);
INSERT INTO "GreenLine_city" ("id", "code", "name", "kana", "prefecture_id") VALUES (876, '19346', '西八代郡市川三郷町', 'ニシヤツシログンイチカワミサトチョウ', 19);
INSERT INTO "GreenLine_city" ("id", "code", "name", "kana", "prefecture_id") VALUES (877, '19364', '南巨摩郡早川町', 'ミナミコマグンハヤカワチョウ', 19);
INSERT INTO "GreenLine_city" ("id", "code", "name", "kana", "prefecture_id") VALUES (878, '19365', '南巨摩郡身延町', 'ミナミコマグンミノブチョウ', 19);
INSERT INTO "GreenLine_city" ("id", "code", "name", "kana", "prefecture_id") VALUES (879, '19366', '南巨摩郡南部町', 'ミナミコマグンナンブチョウ', 19);
INSERT INTO "GreenLine_city" ("id", "code", "name", "kana", "prefecture_id") VALUES (880, '19368', '南巨摩郡富士川町', 'ミナミコマグンフジカワチョウ', 19);
INSERT INTO "GreenLine_city" ("id", "code", "name", "kana", "prefecture_id") VALUES (881, '19384', '中巨摩郡昭和町', 'ナカコマグンショウワチョウ', 19);
INSERT INTO "GreenLine_city" ("id", "code", "name", "kana", "prefecture_id") VALUES (882, '19422', '南都留郡道志村', 'ミナミツルグンドウシムラ', 19);
INSERT INTO "GreenLine_city" ("id", "code", "name", "kana", "prefecture_id") VALUES (883, '19423', '南都留郡西桂町', 'ミナミツルグンニシカツラチョウ', 19);
INSERT INTO "GreenLine_city" ("id", "code", "name", "kana", "prefecture_id") VALUES (884, '19424', '南都留郡忍野村', 'ミナミツルグンオシノムラ', 19);
INSERT INTO "GreenLine_city" ("id", "code", "name", "kana", "prefecture_id") VALUES (885, '19425', '南都留郡山中湖村', 'ミナミツルグンヤマナカコムラ', 19);
INSERT INTO "GreenLine_city" ("id", "code", "name", "kana", "prefecture_id") VALUES (886, '19429', '南都留郡鳴沢村', 'ミナミツルグンナルサワムラ', 19);
INSERT INTO "GreenLine_city" ("id", "code", "name", "kana", "prefecture_id") VALUES (887, '19430', '南都留郡富士河口湖町', 'ミナミツルグンフジカワグチコマチ', 19);
INSERT INTO "GreenLine_city" ("id", "code", "name", "kana", "prefecture_id") VALUES (888, '19442', '北都留郡小菅村', 'キタツルグンコスゲムラ', 19);
INSERT INTO "GreenLine_city" ("id", "code", "name", "kana", "prefecture_id") VALUES (889, '19443', '北都留郡丹波山村', 'キタツルグンタバヤマムラ', 19);
INSERT INTO "GreenLine_city" ("id", "code", "name", "kana", "prefecture_id") VALUES (890, '20201', '長野市', 'ナガノシ', 20);
INSERT INTO "GreenLine_city" ("id", "code", "name", "kana", "prefecture_id") VALUES (891, '20202', '松本市', 'マツモトシ', 20);
INSERT INTO "GreenLine_city" ("id", "code", "name", "kana", "prefecture_id") VALUES (892, '20203', '上田市', 'ウエダシ', 20);
INSERT INTO "GreenLine_city" ("id", "code", "name", "kana", "prefecture_id") VALUES (893, '20204', '岡谷市', 'オカヤシ', 20);
INSERT INTO "GreenLine_city" ("id", "code", "name", "kana", "prefecture_id") VALUES (894, '20205', '飯田市', 'イイダシ', 20);
INSERT INTO "GreenLine_city" ("id", "code", "name", "kana", "prefecture_id") VALUES (895, '20206', '諏訪市', 'スワシ', 20);
INSERT INTO "GreenLine_city" ("id", "code", "name", "kana", "prefecture_id") VALUES (896, '20207', '須坂市', 'スザカシ', 20);
INSERT INTO "GreenLine_city" ("id", "code", "name", "kana", "prefecture_id") VALUES (897, '20208', '小諸市', 'コモロシ', 20);
INSERT INTO "GreenLine_city" ("id", "code", "name", "kana", "prefecture_id") VALUES (898, '20209', '伊那市', 'イナシ', 20);
INSERT INTO "GreenLine_city" ("id", "code", "name", "kana", "prefecture_id") VALUES (899, '20210', '駒ヶ根市', 'コマガネシ', 20);
INSERT INTO "GreenLine_city" ("id", "code", "name", "kana", "prefecture_id") VALUES (900, '20211', '中野市', 'ナカノシ', 20);
INSERT INTO "GreenLine_city" ("id", "code", "name", "kana", "prefecture_id") VALUES (901, '20212', '大町市', 'オオマチシ', 20);
INSERT INTO "GreenLine_city" ("id", "code", "name", "kana", "prefecture_id") VALUES (902, '20213', '飯山市', 'イイヤマシ', 20);
INSERT INTO "GreenLine_city" ("id", "code", "name", "kana", "prefecture_id") VALUES (903, '20214', '茅野市', 'チノシ', 20);
INSERT INTO "GreenLine_city" ("id", "code", "name", "kana", "prefecture_id") VALUES (904, '20215', '塩尻市', 'シオジリシ', 20);
INSERT INTO "GreenLine_city" ("id", "code", "name", "kana", "prefecture_id") VALUES (905, '20217', '佐久市', 'サクシ', 20);
INSERT INTO "GreenLine_city" ("id", "code", "name", "kana", "prefecture_id") VALUES (906, '20218', '千曲市', 'チクマシ', 20);
INSERT INTO "GreenLine_city" ("id", "code", "name", "kana", "prefecture_id") VALUES (907, '20219', '東御市', 'トウミシ', 20);
INSERT INTO "GreenLine_city" ("id", "code", "name", "kana", "prefecture_id") VALUES (908, '20220', '安曇野市', 'アヅミノシ', 20);
INSERT INTO "GreenLine_city" ("id", "code", "name", "kana", "prefecture_id") VALUES (909, '20303', '南佐久郡小海町', 'ミナミサクグンコウミマチ', 20);
INSERT INTO "GreenLine_city" ("id", "code", "name", "kana", "prefecture_id") VALUES (910, '20304', '南佐久郡川上村', 'ミナミサクグンカワカミムラ', 20);
INSERT INTO "GreenLine_city" ("id", "code", "name", "kana", "prefecture_id") VALUES (911, '20305', '南佐久郡南牧村', 'ミナミサクグンミナミマキムラ', 20);
INSERT INTO "GreenLine_city" ("id", "code", "name", "kana", "prefecture_id") VALUES (912, '20306', '南佐久郡南相木村', 'ミナミサクグンミナミアイキムラ', 20);
INSERT INTO "GreenLine_city" ("id", "code", "name", "kana", "prefecture_id") VALUES (913, '20307', '南佐久郡北相木村', 'ミナミサクグンキタアイキムラ', 20);
INSERT INTO "GreenLine_city" ("id", "code", "name", "kana", "prefecture_id") VALUES (914, '20309', '南佐久郡佐久穂町', 'ミナミサクグンサクホマチ', 20);
INSERT INTO "GreenLine_city" ("id", "code", "name", "kana", "prefecture_id") VALUES (915, '20321', '北佐久郡軽井沢町', 'キタサクグンカルイザワマチ', 20);
INSERT INTO "GreenLine_city" ("id", "code", "name", "kana", "prefecture_id") VALUES (916, '20323', '北佐久郡御代田町', 'キタサクグンミヨタマチ', 20);
INSERT INTO "GreenLine_city" ("id", "code", "name", "kana", "prefecture_id") VALUES (917, '20324', '北佐久郡立科町', 'キタサクグンタテシナマチ', 20);
INSERT INTO "GreenLine_city" ("id", "code", "name", "kana", "prefecture_id") VALUES (918, '20349', '小県郡青木村', 'チイサガタグンアオキムラ', 20);
INSERT INTO "GreenLine_city" ("id", "code", "name", "kana", "prefecture_id") VALUES (919, '20350', '小県郡長和町', 'チイサガタグンナガワマチ', 20);
INSERT INTO "GreenLine_city" ("id", "code", "name", "kana", "prefecture_id") VALUES (920, '20361', '諏訪郡下諏訪町', 'スワグンシモスワマチ', 20);
INSERT INTO "GreenLine_city" ("id", "code", "name", "kana", "prefecture_id") VALUES (921, '20362', '諏訪郡富士見町', 'スワグンフジミマチ', 20);
INSERT INTO "GreenLine_city" ("id", "code", "name", "kana", "prefecture_id") VALUES (922, '20363', '諏訪郡原村', 'スワグンハラムラ', 20);
INSERT INTO "GreenLine_city" ("id", "code", "name", "kana", "prefecture_id") VALUES (923, '20382', '上伊那郡辰野町', 'カミイナグンタツノマチ', 20);
INSERT INTO "GreenLine_city" ("id", "code", "name", "kana", "prefecture_id") VALUES (924, '20383', '上伊那郡箕輪町', 'カミイナグンミノワマチ', 20);
INSERT INTO "GreenLine_city" ("id", "code", "name", "kana", "prefecture_id") VALUES (925, '20384', '上伊那郡飯島町', 'カミイナグンイイジママチ', 20);
INSERT INTO "GreenLine_city" ("id", "code", "name", "kana", "prefecture_id") VALUES (926, '20385', '上伊那郡南箕輪村', 'カミイナグンミナミミノワムラ', 20);
INSERT INTO "GreenLine_city" ("id", "code", "name", "kana", "prefecture_id") VALUES (927, '20386', '上伊那郡中川村', 'カミイナグンナカガワムラ', 20);
INSERT INTO "GreenLine_city" ("id", "code", "name", "kana", "prefecture_id") VALUES (928, '20388', '上伊那郡宮田村', 'カミイナグンミヤダムラ', 20);
INSERT INTO "GreenLine_city" ("id", "code", "name", "kana", "prefecture_id") VALUES (929, '20402', '下伊那郡松川町', 'シモイナグンマツカワマチ', 20);
INSERT INTO "GreenLine_city" ("id", "code", "name", "kana", "prefecture_id") VALUES (930, '20403', '下伊那郡高森町', 'シモイナグンタカモリマチ', 20);
INSERT INTO "GreenLine_city" ("id", "code", "name", "kana", "prefecture_id") VALUES (931, '20404', '下伊那郡阿南町', 'シモイナグンアナンチョウ', 20);
INSERT INTO "GreenLine_city" ("id", "code", "name", "kana", "prefecture_id") VALUES (932, '20407', '下伊那郡阿智村', 'シモイナグンアチムラ', 20);
INSERT INTO "GreenLine_city" ("id", "code", "name", "kana", "prefecture_id") VALUES (933, '20409', '下伊那郡平谷村', 'シモイナグンヒラヤムラ', 20);
INSERT INTO "GreenLine_city" ("id", "code", "name", "kana", "prefecture_id") VALUES (934, '20410', '下伊那郡根羽村', 'シモイナグンネバムラ', 20);
INSERT INTO "GreenLine_city" ("id", "code", "name", "kana", "prefecture_id") VALUES (935, '20411', '下伊那郡下條村', 'シモイナグンシモジョウムラ', 20);
INSERT INTO "GreenLine_city" ("id", "code", "name", "kana", "prefecture_id") VALUES (936, '20412', '下伊那郡売木村', 'シモイナグンウルギムラ', 20);
INSERT INTO "GreenLine_city" ("id", "code", "name", "kana", "prefecture_id") VALUES (937, '20413', '下伊那郡天龍村', 'シモイナグンテンリュウムラ', 20);
INSERT INTO "GreenLine_city" ("id", "code", "name", "kana", "prefecture_id") VALUES (938, '20414', '下伊那郡泰阜村', 'シモイナグンヤスオカムラ', 20);
INSERT INTO "GreenLine_city" ("id", "code", "name", "kana", "prefecture_id") VALUES (939, '20415', '下伊那郡喬木村', 'シモイナグンタカギムラ', 20);
INSERT INTO "GreenLine_city" ("id", "code", "name", "kana", "prefecture_id") VALUES (940, '20416', '下伊那郡豊丘村', 'シモイナグントヨオカムラ', 20);
INSERT INTO "GreenLine_city" ("id", "code", "name", "kana", "prefecture_id") VALUES (941, '20417', '下伊那郡大鹿村', 'シモイナグンオオシカムラ', 20);
INSERT INTO "GreenLine_city" ("id", "code", "name", "kana", "prefecture_id") VALUES (942, '20422', '木曽郡上松町', 'キソグンアゲマツマチ', 20);
INSERT INTO "GreenLine_city" ("id", "code", "name", "kana", "prefecture_id") VALUES (943, '20423', '木曽郡南木曽町', 'キソグンナギソマチ', 20);
INSERT INTO "GreenLine_city" ("id", "code", "name", "kana", "prefecture_id") VALUES (944, '20425', '木曽郡木祖村', 'キソグンキソムラ', 20);
INSERT INTO "GreenLine_city" ("id", "code", "name", "kana", "prefecture_id") VALUES (945, '20429', '木曽郡王滝村', 'キソグンオウタキムラ', 20);
INSERT INTO "GreenLine_city" ("id", "code", "name", "kana", "prefecture_id") VALUES (946, '20430', '木曽郡大桑村', 'キソグンオオクワムラ', 20);
INSERT INTO "GreenLine_city" ("id", "code", "name", "kana", "prefecture_id") VALUES (947, '20432', '木曽郡木曽町', 'キソグンキソマチ', 20);
INSERT INTO "GreenLine_city" ("id", "code", "name", "kana", "prefecture_id") VALUES (948, '20446', '東筑摩郡麻績村', 'ヒガシチクマグンオミムラ', 20);
INSERT INTO "GreenLine_city" ("id", "code", "name", "kana", "prefecture_id") VALUES (949, '20448', '東筑摩郡生坂村', 'ヒガシチクマグンイクサカムラ', 20);
INSERT INTO "GreenLine_city" ("id", "code", "name", "kana", "prefecture_id") VALUES (950, '20450', '東筑摩郡山形村', 'ヒガシチクマグンヤマガタムラ', 20);
INSERT INTO "GreenLine_city" ("id", "code", "name", "kana", "prefecture_id") VALUES (951, '20451', '東筑摩郡朝日村', 'ヒガシチクマグンアサヒムラ', 20);
INSERT INTO "GreenLine_city" ("id", "code", "name", "kana", "prefecture_id") VALUES (952, '20452', '東筑摩郡筑北村', 'ヒガシチクマグンチクホクムラ', 20);
INSERT INTO "GreenLine_city" ("id", "code", "name", "kana", "prefecture_id") VALUES (953, '20481', '北安曇郡池田町', 'キタアヅミグンイケダマチ', 20);
INSERT INTO "GreenLine_city" ("id", "code", "name", "kana", "prefecture_id") VALUES (954, '20482', '北安曇郡松川村', 'キタアヅミグンマツカワムラ', 20);
INSERT INTO "GreenLine_city" ("id", "code", "name", "kana", "prefecture_id") VALUES (955, '20485', '北安曇郡白馬村', 'キタアヅミグンハクバムラ', 20);
INSERT INTO "GreenLine_city" ("id", "code", "name", "kana", "prefecture_id") VALUES (956, '20486', '北安曇郡小谷村', 'キタアヅミグンオタリムラ', 20);
INSERT INTO "GreenLine_city" ("id", "code", "name", "kana", "prefecture_id") VALUES (957, '20521', '埴科郡坂城町', 'ハニシナグンサカキマチ', 20);
INSERT INTO "GreenLine_city" ("id", "code", "name", "kana", "prefecture_id") VALUES (958, '20541', '上高井郡小布施町', 'カミタカイグンオブセマチ', 20);
INSERT INTO "GreenLine_city" ("id", "code", "name", "kana", "prefecture_id") VALUES (959, '20543', '上高井郡高山村', 'カミタカイグンタカヤマムラ', 20);
INSERT INTO "GreenLine_city" ("id", "code", "name", "kana", "prefecture_id") VALUES (960, '20561', '下高井郡山ノ内町', 'シモタカイグンヤマノウチマチ', 20);
INSERT INTO "GreenLine_city" ("id", "code", "name", "kana", "prefecture_id") VALUES (961, '20562', '下高井郡木島平村', 'シモタカイグンキジマダイラムラ', 20);
INSERT INTO "GreenLine_city" ("id", "code", "name", "kana", "prefecture_id") VALUES (962, '20563', '下高井郡野沢温泉村', 'シモタカイグンノザワオンセンムラ', 20);
INSERT INTO "GreenLine_city" ("id", "code", "name", "kana", "prefecture_id") VALUES (963, '20583', '上水内郡信濃町', 'カミミノチグンシナノマチ', 20);
INSERT INTO "GreenLine_city" ("id", "code", "name", "kana", "prefecture_id") VALUES (964, '20588', '上水内郡小川村', 'カミミノチグンオガワムラ', 20);
INSERT INTO "GreenLine_city" ("id", "code", "name", "kana", "prefecture_id") VALUES (965, '20590', '上水内郡飯綱町', 'カミミノチグンイイヅナマチ', 20);
INSERT INTO "GreenLine_city" ("id", "code", "name", "kana", "prefecture_id") VALUES (966, '20602', '下水内郡栄村', 'シモミノチグンサカエムラ', 20);
INSERT INTO "GreenLine_city" ("id", "code", "name", "kana", "prefecture_id") VALUES (967, '21201', '岐阜市', 'ギフシ', 21);
INSERT INTO "GreenLine_city" ("id", "code", "name", "kana", "prefecture_id") VALUES (968, '21202', '大垣市', 'オオガキシ', 21);
INSERT INTO "GreenLine_city" ("id", "code", "name", "kana", "prefecture_id") VALUES (969, '21203', '高山市', 'タカヤマシ', 21);
INSERT INTO "GreenLine_city" ("id", "code", "name", "kana", "prefecture_id") VALUES (970, '21204', '多治見市', 'タジミシ', 21);
INSERT INTO "GreenLine_city" ("id", "code", "name", "kana", "prefecture_id") VALUES (971, '21205', '関市', 'セキシ', 21);
INSERT INTO "GreenLine_city" ("id", "code", "name", "kana", "prefecture_id") VALUES (972, '21206', '中津川市', 'ナカツガワシ', 21);
INSERT INTO "GreenLine_city" ("id", "code", "name", "kana", "prefecture_id") VALUES (973, '21207', '美濃市', 'ミノシ', 21);
INSERT INTO "GreenLine_city" ("id", "code", "name", "kana", "prefecture_id") VALUES (974, '21208', '瑞浪市', 'ミズナミシ', 21);
INSERT INTO "GreenLine_city" ("id", "code", "name", "kana", "prefecture_id") VALUES (975, '21209', '羽島市', 'ハシマシ', 21);
INSERT INTO "GreenLine_city" ("id", "code", "name", "kana", "prefecture_id") VALUES (976, '21210', '恵那市', 'エナシ', 21);
INSERT INTO "GreenLine_city" ("id", "code", "name", "kana", "prefecture_id") VALUES (977, '21211', '美濃加茂市', 'ミノカモシ', 21);
INSERT INTO "GreenLine_city" ("id", "code", "name", "kana", "prefecture_id") VALUES (978, '21212', '土岐市', 'トキシ', 21);
INSERT INTO "GreenLine_city" ("id", "code", "name", "kana", "prefecture_id") VALUES (979, '21213', '各務原市', 'カカミガハラシ', 21);
INSERT INTO "GreenLine_city" ("id", "code", "name", "kana", "prefecture_id") VALUES (980, '21214', '可児市', 'カニシ', 21);
INSERT INTO "GreenLine_city" ("id", "code", "name", "kana", "prefecture_id") VALUES (981, '21215', '山県市', 'ヤマガタシ', 21);
INSERT INTO "GreenLine_city" ("id", "code", "name", "kana", "prefecture_id") VALUES (982, '21216', '瑞穂市', 'ミズホシ', 21);
INSERT INTO "GreenLine_city" ("id", "code", "name", "kana", "prefecture_id") VALUES (983, '21217', '飛騨市', 'ヒダシ', 21);
INSERT INTO "GreenLine_city" ("id", "code", "name", "kana", "prefecture_id") VALUES (984, '21218', '本巣市', 'モトスシ', 21);
INSERT INTO "GreenLine_city" ("id", "code", "name", "kana", "prefecture_id") VALUES (985, '21219', '郡上市', 'グジョウシ', 21);
INSERT INTO "GreenLine_city" ("id", "code", "name", "kana", "prefecture_id") VALUES (986, '21220', '下呂市', 'ゲロシ', 21);
INSERT INTO "GreenLine_city" ("id", "code", "name", "kana", "prefecture_id") VALUES (987, '21221', '海津市', 'カイヅシ', 21);
INSERT INTO "GreenLine_city" ("id", "code", "name", "kana", "prefecture_id") VALUES (988, '21302', '羽島郡岐南町', 'ハシマグンギナンチョウ', 21);
INSERT INTO "GreenLine_city" ("id", "code", "name", "kana", "prefecture_id") VALUES (989, '21303', '羽島郡笠松町', 'ハシマグンカサマツチョウ', 21);
INSERT INTO "GreenLine_city" ("id", "code", "name", "kana", "prefecture_id") VALUES (990, '21341', '養老郡養老町', 'ヨウロウグンヨウロウチョウ', 21);
INSERT INTO "GreenLine_city" ("id", "code", "name", "kana", "prefecture_id") VALUES (991, '21361', '不破郡垂井町', 'フワグンタルイチョウ', 21);
INSERT INTO "GreenLine_city" ("id", "code", "name", "kana", "prefecture_id") VALUES (992, '21362', '不破郡関ケ原町', 'フワグンセキガハラチョウ', 21);
INSERT INTO "GreenLine_city" ("id", "code", "name", "kana", "prefecture_id") VALUES (993, '21381', '安八郡神戸町', 'アンパチグンゴウドチョウ', 21);
INSERT INTO "GreenLine_city" ("id", "code", "name", "kana", "prefecture_id") VALUES (994, '21382', '安八郡輪之内町', 'アンパチグンワノウチチョウ', 21);
INSERT INTO "GreenLine_city" ("id", "code", "name", "kana", "prefecture_id") VALUES (995, '21383', '安八郡安八町', 'アンパチグンアンパチチョウ', 21);
INSERT INTO "GreenLine_city" ("id", "code", "name", "kana", "prefecture_id") VALUES (996, '21401', '揖斐郡揖斐川町', 'イビグンイビガワチョウ', 21);
INSERT INTO "GreenLine_city" ("id", "code", "name", "kana", "prefecture_id") VALUES (997, '21403', '揖斐郡大野町', 'イビグンオオノチョウ', 21);
INSERT INTO "GreenLine_city" ("id", "code", "name", "kana", "prefecture_id") VALUES (998, '21404', '揖斐郡池田町', 'イビグンイケダチョウ', 21);
INSERT INTO "GreenLine_city" ("id", "code", "name", "kana", "prefecture_id") VALUES (999, '21421', '本巣郡北方町', 'モトスグンキタガタチョウ', 21);
INSERT INTO "GreenLine_city" ("id", "code", "name", "kana", "prefecture_id") VALUES (1000, '21501', '加茂郡坂祝町', 'カモグンサカホギチョウ', 21);
INSERT INTO "GreenLine_shipper" ("id", "name", "kana") VALUES (1, '荷主その１株式会社', 'ニヌシソノシカブシキガイシャ');
INSERT INTO "GreenLine_shipper" ("id", "name", "kana") VALUES (2, '荷主その２株式会社', 'ニヌシソノニカブシキガイシャ');
INSERT INTO "GreenLine_shipper" ("id", "name", "kana") VALUES (3, '荷主その３株式会社', 'ニヌシソノザカブシキガイシャ');
INSERT INTO "GreenLine_shipper" ("id", "name", "kana") VALUES (4, '荷主その４株式会社', 'ニヌシソノシカブシキガイシャ');
INSERT INTO "GreenLine_shipper" ("id", "name", "kana") VALUES (5, '荷主その５株式会社', 'ニヌシソノゴカブシキガイシャ');
INSERT INTO "GreenLine_shipper" ("id", "name", "kana") VALUES (6, '荷主その６株式会社', 'ニヌシソノロクカブシキガイシャ');
INSERT INTO "GreenLine_shipper" ("id", "name", "kana") VALUES (7, '荷主その７株式会社', 'ニヌシソノナカブシキガイシャ');
INSERT INTO "GreenLine_shipper" ("id", "name", "kana") VALUES (8, '荷主その８株式会社', 'ニヌシソノヤカブシキガイシャ');
INSERT INTO "GreenLine_consignee" ("id", "name", "kana", "city_id", "phone") VALUES (1, '北海道納品先その１', 'ホッカイドウノウヒンサキソノイ', 1, '11111111');
INSERT INTO "GreenLine_consignee" ("id", "name", "kana", "city_id", "phone") VALUES (2, '北海道納品先その２', 'ホッカイドウノウヒンサキソノニ', 1, '22222222');
INSERT INTO "GreenLine_consignee" ("id", "name", "kana", "city_id", "phone") VALUES (3, '北海道納品先その３', 'ホッカイドウノウヒンサキソノザ', 12, '33333333');
INSERT INTO "GreenLine_consignee" ("id", "name", "kana", "city_id", "phone") VALUES (4, '神奈川県納品先その１', 'カナガワケンノウヒンサキソノイ', 731, '00111000');
INSERT INTO "GreenLine_consignee" ("id", "name", "kana", "city_id", "phone") VALUES (5, '神奈川県納品先その２', 'カナガワケンノウヒンサキソノニ', 731, '00222000');
INSERT INTO "GreenLine_consignee" ("id", "name", "kana", "city_id", "phone") VALUES (6, '神奈川県納品先その３', 'カナガワケンノウヒンサキソノザ', 747, '00333000');
INSERT INTO "GreenLine_consignee" ("id", "name", "kana", "city_id", "phone") VALUES (7, '美ら海納品先その１', 'チュラウミノウヒンサキソノイ', 1856, '00000111');
INSERT INTO "GreenLine_consignee" ("id", "name", "kana", "city_id", "phone") VALUES (8, '美ら海納品先その２', 'チュラウミノウヒンサキソノニ', 1871, '00000222');
INSERT INTO "GreenLine_consignee" ("id", "name", "kana", "city_id", "phone") VALUES (9, '美ら海納品先その３', 'チュラウミノウヒンサキソノザ', 1871, '00000333');
INSERT INTO "GreenLine_consignee_shipper" ("id", "consignee_id", "shipper_id") VALUES (1, 1, 1);
INSERT INTO "GreenLine_consignee_shipper" ("id", "consignee_id", "shipper_id") VALUES (2, 1, 2);
INSERT INTO "GreenLine_consignee_shipper" ("id", "consignee_id", "shipper_id") VALUES (3, 1, 3);
INSERT INTO "GreenLine_consignee_shipper" ("id", "consignee_id", "shipper_id") VALUES (4, 1, 4);
INSERT INTO "GreenLine_consignee_shipper" ("id", "consignee_id", "shipper_id") VALUES (5, 2, 2);
INSERT INTO "GreenLine_consignee_shipper" ("id", "consignee_id", "shipper_id") VALUES (6, 2, 3);
INSERT INTO "GreenLine_consignee_shipper" ("id", "consignee_id", "shipper_id") VALUES (7, 2, 4);
INSERT INTO "GreenLine_consignee_shipper" ("id", "consignee_id", "shipper_id") VALUES (8, 2, 5);
INSERT INTO "GreenLine_consignee_shipper" ("id", "consignee_id", "shipper_id") VALUES (9, 3, 3);
INSERT INTO "GreenLine_consignee_shipper" ("id", "consignee_id", "shipper_id") VALUES (10, 3, 4);
INSERT INTO "GreenLine_consignee_shipper" ("id", "consignee_id", "shipper_id") VALUES (11, 3, 5);
INSERT INTO "GreenLine_consignee_shipper" ("id", "consignee_id", "shipper_id") VALUES (12, 3, 6);
INSERT INTO "GreenLine_consignee_shipper" ("id", "consignee_id", "shipper_id") VALUES (13, 4, 4);
INSERT INTO "GreenLine_consignee_shipper" ("id", "consignee_id", "shipper_id") VALUES (14, 4, 5);
INSERT INTO "GreenLine_consignee_shipper" ("id", "consignee_id", "shipper_id") VALUES (15, 4, 6);
INSERT INTO "GreenLine_consignee_shipper" ("id", "consignee_id", "shipper_id") VALUES (16, 4, 7);
INSERT INTO "GreenLine_consignee_shipper" ("id", "consignee_id", "shipper_id") VALUES (17, 5, 8);
INSERT INTO "GreenLine_consignee_shipper" ("id", "consignee_id", "shipper_id") VALUES (18, 5, 5);
INSERT INTO "GreenLine_consignee_shipper" ("id", "consignee_id", "shipper_id") VALUES (19, 5, 6);
INSERT INTO "GreenLine_consignee_shipper" ("id", "consignee_id", "shipper_id") VALUES (20, 5, 7);
INSERT INTO "GreenLine_consignee_shipper" ("id", "consignee_id", "shipper_id") VALUES (21, 6, 8);
INSERT INTO "GreenLine_consignee_shipper" ("id", "consignee_id", "shipper_id") VALUES (22, 6, 1);
INSERT INTO "GreenLine_consignee_shipper" ("id", "consignee_id", "shipper_id") VALUES (23, 6, 6);
INSERT INTO "GreenLine_consignee_shipper" ("id", "consignee_id", "shipper_id") VALUES (24, 6, 7);
INSERT INTO "GreenLine_consignee_shipper" ("id", "consignee_id", "shipper_id") VALUES (25, 7, 8);
INSERT INTO "GreenLine_consignee_shipper" ("id", "consignee_id", "shipper_id") VALUES (26, 7, 1);
INSERT INTO "GreenLine_consignee_shipper" ("id", "consignee_id", "shipper_id") VALUES (27, 7, 2);
INSERT INTO "GreenLine_consignee_shipper" ("id", "consignee_id", "shipper_id") VALUES (28, 7, 7);
INSERT INTO "GreenLine_consignee_shipper" ("id", "consignee_id", "shipper_id") VALUES (29, 8, 8);
INSERT INTO "GreenLine_consignee_shipper" ("id", "consignee_id", "shipper_id") VALUES (30, 8, 1);
INSERT INTO "GreenLine_consignee_shipper" ("id", "consignee_id", "shipper_id") VALUES (31, 8, 2);
INSERT INTO "GreenLine_consignee_shipper" ("id", "consignee_id", "shipper_id") VALUES (32, 8, 3);
INSERT INTO "GreenLine_consignee_shipper" ("id", "consignee_id", "shipper_id") VALUES (33, 9, 1);
INSERT INTO "GreenLine_consignee_shipper" ("id", "consignee_id", "shipper_id") VALUES (34, 9, 2);
INSERT INTO "GreenLine_consignee_shipper" ("id", "consignee_id", "shipper_id") VALUES (35, 9, 3);
INSERT INTO "GreenLine_consignee_shipper" ("id", "consignee_id", "shipper_id") VALUES (36, 9, 4);
